name,category,founded_year,founder,country,website,cover_image,latest_season,vogue_slug,vogue_url
14th Addiction,先锋,2007,Teruki Uchise,,,,,14th-addiction,https://www.vogue.com/fashion-shows/designer/14th-addiction
A DICIANNOVEVENTITRE,工匠品牌,2009,Marco De Vincenzo,意大利,https://www.adiciannoveventitre.com/,,,a-diciannoveventitre,https://www.vogue.com/fashion-shows/designer/a-diciannoveventitre
A.P.C.,时装品牌,1987,Jean Touitou,法国,https://www.apc.fr/,http://www.apc.fr/cdn/shop/files/logo_apc.jpg?v=1762351643&width=2048,,apc,https://www.vogue.com/fashion-shows/designer/apc
Acne Studios,时装品牌,1996,Jonny Johansson,瑞典,https://www.acnestudios.com/,https://assets.vogue.com/photos/65a536e4b3abc4501fb12d90/16:9/pass/00001-acne-studios-fall-2024-menswear-credit-brand.jpg,Fall 2024 Menswear,acne-studios,https://www.vogue.com/fashion-shows/designer/acne-studios
Agnes B.,时装品牌,1975,Agnes Trouble,法国,https://www.agnesb.com/,https://www.agnesb.com/dw/image/v2/BKSM_PRD/on/demandware.static/-/Library-Sites-SharedLibrary/default/dw48f6cc02/Homepage/Sliders/VP_SLIDER_FR_DSK.jpg,,agnes-b,https://www.vogue.com/fashion-shows/designer/agnes-b
Alberta Ferretti,时装品牌,1980,Alberta Ferretti,意大利,https://www.albertaferretti.com/,https://assets.vogue.com/photos/67be2a8ac9fe254958d40114/16:9/pass/00001-alberta-ferretti-fall-2025-ready-to-wear-credit-brand.jpg,Fall 2025 Ready To Wear,alberta-ferretti,https://www.vogue.com/fashion-shows/designer/alberta-ferretti
Aleksandr Manamis,时装品牌,,Aleksandr Manamis,,,,,aleksandr-manamis,https://www.vogue.com/fashion-shows/designer/aleksandr-manamis
Alexander McQueen,时装品牌,1992,Alexander McQueen,英国,https://www.alexandermcqueen.com/,https://assets.vogue.com/photos/67ccb0a380e8bc60a5045103/16:9/pass/00001-alexander-mcqueen-fall-2025-ready-to-wear-credit-gorunway.jpg,Fall 2025 Ready To Wear,alexander-mcqueen,https://www.vogue.com/fashion-shows/designer/alexander-mcqueen
Alexander Wang,时装品牌,2005,Alexander Wang,美国,https://www.alexanderwang.com/,https://assets.vogue.com/photos/68a344a77931d05bbdae06eb/16:9/pass/00001-alexander-wang-fall-2025-ready-to-wear-credit-brand.jpg,Fall 2025 Ready To Wear,alexander-wang,https://www.vogue.com/fashion-shows/designer/alexander-wang
Alice Auaa,先锋,1995,Yasutaka Funakoshi,日本,https://aliceauaa-official.com/,https://cdn.goope.jp/51421/19022214570572zd.png,,alice-auaa,https://www.vogue.com/fashion-shows/designer/alice-auaa
Altuzarra,时装品牌,2008,Joseph Altuzarra,美国,https://www.altuzarra.com/,https://assets.vogue.com/photos/67aa2f90ca46022409a22da1/16:9/pass/00001-altuzarra-fall-2025-ready-to-wear-credit-su-mustecaplioglu-brand.jpg,Fall 2025 Ready To Wear,altuzarra,https://www.vogue.com/fashion-shows/designer/altuzarra
Amiri,时装品牌,2014,Michael Amiri,美国,https://www.amiri.com/,https://assets.vogue.com/photos/6792bc111ed3f2ac9da18a00/16:9/pass/00001-amiri-fall-2025-menswear-credit-gorunway.jpg,Fall 2025 Menswear,amiri,https://www.vogue.com/fashion-shows/designer/amiri
Andrew Driftwood,工匠品牌,2010,Andrew Driftwood,英国,,,,andrew-driftwood,https://www.vogue.com/fashion-shows/designer/andrew-driftwood
Ann Demeulemeester,先锋,1985,Ann Demeulemeester,比利时,https://anndemeulemeester.com/en-us/,https://assets.vogue.com/photos/67cca825917ffb640fe90f2a/16:9/pass/00001-ann-demeulemeester-fall-2025-ready-to-wear-credit-gorunway.jpg,Fall 2025 Ready To Wear,ann-demeulemeester,https://www.vogue.com/fashion-shows/designer/ann-demeulemeester
Antonio Marras,时装品牌,1996,Antonio Marras,意大利,https://www.antoniomarras.com/,https://assets.vogue.com/photos/67bf5ab5322032a58c51022c/16:9/pass/00001-antonio-marras-fall-2025-ready-to-wear-credit-gorunway.jpg,Fall 2025 Ready To Wear,antonio-marras,https://www.vogue.com/fashion-shows/designer/antonio-marras
Anya Hindmarch,时装品牌,1993,Anya Hindmarch,英国,https://www.anyahindmarch.com/,https://cdn.shopify.com/s/files/1/0505/4467/2922/files/logo.png?height=628&pad_color=fff&v=1613494083&width=1200,,anya-hindmarch,https://www.vogue.com/fashion-shows/designer/anya-hindmarch
Aquascutum,时装品牌,1851,John Emary,英国,https://www.aquascutum.com/,,,aquascutum,https://www.vogue.com/fashion-shows/designer/aquascutum
Archivio JM Ribot,工匠品牌,2016,Jacopo Maria Ribot,意大利,https://www.archiviojmberbot.com/,,,archivio-jm-ribot,https://www.vogue.com/fashion-shows/designer/archivio-jm-ribot
Armani,时装品牌,1975,Giorgio Armani,意大利,https://www.armani.com/,https://assets.vogue.com/photos/65a3064ab04187758ab6a34d/16:9/pass/00001-emporio-armani-fall-2024-menswear-credit-gorunway.jpg,Fall 2024 Menswear,armani,https://www.vogue.com/fashion-shows/designer/armani
Aspesi,时装品牌,1967,Alberto Aspesi,意大利,https://www.aspesi.com/,https://assets.vogue.com/photos/648b75534b2ed368ebfd3c4a/16:9/pass/00001-aspesi-spring-2024-menswear-credit-brand.jpg,Spring 2024 Menswear,aspesi,https://www.vogue.com/fashion-shows/designer/aspesi
Atelier Versace,时装品牌,1989,Gianni Versace,意大利,https://www.versace.com/,https://assets.vogue.com/photos/67c2c5ede6d757904d4ea566/16:9/pass/00001-versace-fall-2025-ready-to-wear-credit-gorunway.jpg,Fall 2025 Ready To Wear,atelier-versace,https://www.vogue.com/fashion-shows/designer/atelier-versace
Balenciaga,时装品牌,1917,Cristóbal Balenciaga,法国,https://www.balenciaga.com/,https://assets.vogue.com/photos/668c011cd90113690da31f80/16:9/pass/00001-balenciaga-fall-2024-couture-credit-brand.jpg,Fall 2024 Couture,balenciaga,https://www.vogue.com/fashion-shows/designer/balenciaga
Bally,时装品牌,1851,Carl Franz Bally,瑞士,https://www.bally.com/,https://assets.vogue.com/photos/67c305c1839c41524d19d0d9/16:9/pass/_UMB0007(1).jpg,Fall 2025 Ready To Wear,bally,https://www.vogue.com/fashion-shows/designer/bally
Balmain,奢侈,1945,Pierre Balmain,法国,https://int.balmain.com/en,https://assets.vogue.com/photos/67c8d788c564893612c9c15a/16:9/pass/00001-balmain-fall-2025-ready-to-wear-credit-gorunway.jpg,Fall 2025 Ready To Wear,balmain,https://www.vogue.com/fashion-shows/designer/balmain
Bape,先锋/街头奢侈,1993,Nigo（Tomoaki Nagao）,日本,http://www.bape.com/,http://jp.bape.com/cdn/shop/files/bapecom_ogp_442b9c5a-18f2-4ce7-8ddf-25ee0631e207_1200x.png?v=1613212036,,bape,https://www.vogue.com/fashion-shows/designer/bape
Bergfabel,工匠品牌,,,德国,,,,bergfabel,https://www.vogue.com/fashion-shows/designer/bergfabel
Berluti,奢侈男装&皮具,,,法国,,https://assets.vogue.com/photos/678fae8bd181509318980deb/16:9/pass/00001-berluti-fall-2025-menswear-credit-brand.jpg,Fall 2025 Menswear,berluti,https://www.vogue.com/fashion-shows/designer/berluti
Biek Verstappen,先锋,,Biek Verstappen,荷兰,,,,biek-verstappen,https://www.vogue.com/fashion-shows/designer/biek-verstappen
Bikkembergs,先锋/运动奢侈,1986,Dirk Bikkembergs,比利时,https://www.bikkembergs.com/,https://www.bikkembergs.com/on/demandware.static/Sites-bikkembergs-Site/-/default/dw34d9c14b/images/logo.jpg,,bikkembergs,https://www.vogue.com/fashion-shows/designer/bikkembergs
Blumarine,奢侈,1977,Anna Molinari、Gianpaolo Tarabini,意大利,https://www.blumarine.com/,https://assets.vogue.com/photos/67c06570b9a6569122b8a2d4/16:9/pass/00001-blumarine-fall-2025-ready-to-wear-credit-gorunway.jpg,Fall 2025 Ready To Wear,blumarine,https://www.vogue.com/fashion-shows/designer/blumarine
Boris Bidjan Saberi (BBS),工匠品牌,2007,Boris Bidjan Saberi,德国,https://www.borisbidjansaberi.com/,,,boris-bidjan-saberi,https://www.vogue.com/fashion-shows/designer/boris-bidjan-saberi
Bottega Veneta,时装品牌,1966,Michele Taddei、Renzo Zengiaro,意大利,https://www.bottegaveneta.com/,https://assets.vogue.com/photos/65e8411e8f85559999cd6315/16:9/pass/00001-bottega-veneta-fall-2024-ready-to-wear-credit-gorunway.jpg,Fall 2024 Ready To Wear,bottega-veneta,https://www.vogue.com/fashion-shows/designer/bottega-veneta
Brioni,奢侈男装,,,意大利,,https://assets.vogue.com/photos/65a2997ee4db4242b89aedcf/16:9/pass/00001-brioni-fall-2024-menswear-credit-brand.jpg,Fall 2024 Menswear,brioni,https://www.vogue.com/fashion-shows/designer/brioni
Brunello Cucinelli,时装品牌,1978,Brunello Cucinelli,意大利,https://www.brunellocucinelli.com/,https://assets.vogue.com/photos/659ec1ce1947b0b2b0603683/16:9/pass/00001-brunello-cucinelli-fall-2024-menswear-credit-brand.jpg,Fall 2024 Menswear,brunello-cucinelli,https://www.vogue.com/fashion-shows/designer/brunello-cucinelli
Burberry,时装品牌,1856,Thomas Burberry,英国,https://www.burberry.com/,,,burberry,https://www.vogue.com/fashion-shows/designer/burberry
By Walid,工匠品牌,2015,Walid Al Damirji,英国,https://bywalid.com/,,,by-walid,https://www.vogue.com/fashion-shows/designer/by-walid
Calmlence,工匠品牌,2018,Yang Li,中国,,,,calmlence,https://www.vogue.com/fashion-shows/designer/calmlence
Carol Christian Poell,工匠品牌,1987,Carol Christian Poell,意大利,,,,carol-christian-poell,https://www.vogue.com/fashion-shows/designer/carol-christian-poell
Casey Casey,时装品牌,2000,Casey Casey,法国,https://www.caseycasey.com/,,,casey-casey,https://www.vogue.com/fashion-shows/designer/casey-casey
Celine,时装品牌,1945,Céline Vipiana,法国,https://www.celine.com/,,,celine,https://www.vogue.com/fashion-shows/designer/celine
Chanel,时装品牌,1910,Coco Chanel,法国,https://www.chanel.com/,https://assets.vogue.com/photos/686cedbf843612e37e9c3db2/16:9/pass/00001-chanel-fall-2025-couture-credit-gorunway.jpg,Fall 2025 Couture,chanel,https://www.vogue.com/fashion-shows/designer/chanel
Charlotte Olympia,时装品牌,2008,Charlotte Dellal,英国,https://www.charlotteolympia.com/,https://cdn.shopify.com/s/files/1/0689/1660/9310/files/homepage_black_8a03b14c-22f4-43cb-8223-4e5ef720e76c.jpg?v=1672148146,,charlotte-olympia,https://www.vogue.com/fashion-shows/designer/charlotte-olympia
Cherevichkiotvichki,工匠品牌,2006,Sergio Zampieri,意大利,,,,cherevichkiotvichki,https://www.vogue.com/fashion-shows/designer/cherevichkiotvichki
Chloe,时装品牌,1952,Gaby Aghion,法国,https://www.chloe.com/,https://assets.vogue.com/photos/67cae104326365043c9c76a3/16:9/pass/00001-chloe-fall-2025-ready-to-wear-credit-brand.jpg,Fall 2025 Ready To Wear,chloe,https://www.vogue.com/fashion-shows/designer/chloe
Christian Dior,时装品牌,1946,Christian Dior,法国,https://www.dior.com/,https://assets.vogue.com/photos/68363d57f362cb02c0c0afe0/16:9/pass/00002-christian-dior-resort-2026-credit-gorunway.jpg,Fall 2025 Couture,christian-dior,https://www.vogue.com/fashion-shows/designer/christian-dior
Christian Louboutin,时装品牌,1991,Christian Louboutin,法国,https://www.christianlouboutin.com/,https://us.christianlouboutin.com/media/wysiwyg/landing-pages/LATEST-COLLECTIONS-ESSENTIALS.jpg,,christian-louboutin,https://www.vogue.com/fashion-shows/designer/christian-louboutin
Chrome Hearts,奢侈/工匠,1988,Richard Stark、John Bowman、Leonard Kamhout,美国,https://www.chromehearts.com/,,,chrome-hearts,https://www.vogue.com/fashion-shows/designer/chrome-hearts
Coach,时装品牌,1941,Miles Cahn,美国,https://www.coach.com/,https://assets.vogue.com/photos/67aa7d9e52e57d049e107844/16:9/pass/00001-coach-fall-2025-ready-to-wear-credit-gorunway.jpg,Fall 2025 Ready To Wear,coach,https://www.vogue.com/fashion-shows/designer/coach
Colombo,奢侈面料&成衣,,,意大利,,,,colombo,https://www.vogue.com/fashion-shows/designer/colombo
Comme des Garçons,时装品牌,1969,Rei Kawakubo,日本,https://www.comme-des-garcons.com/,https://assets.vogue.com/photos/67cc8439b7892256b5d9e02c/16:9/pass/00001-comme-des-garcons-fall-2025-ready-to-wear-credit-gorunway.jpg,Fall 2025 Ready To Wear,comme-des-garcons,https://www.vogue.com/fashion-shows/designer/comme-des-garcons
Courrèges,时装品牌,1961,André Courrèges,法国,https://www.courreges.com/,https://assets.vogue.com/photos/6784e6a4d9711d2b946be474/16:9/pass/00001-courreges-fall-2025-menswear-credit-brand.jpg,Fall 2025 Menswear,courreges,https://www.vogue.com/fashion-shows/designer/courreges
D.I.A,先锋/街头,2002,,日本,,,,dia,https://www.vogue.com/fashion-shows/designer/dia
D&G,时装品牌,1985,Domenico Dolce、Stefano Gabbana,意大利,https://www.dolcegabbana.com/,https://assets.vogue.com/photos/678be88e71e9f75544e85204/16:9/pass/00001-dolce-and-gabbana-fall-2025-menswear-credit-gorunway.jpg,Fall 2025 Menswear,dolce-gabbana,https://www.vogue.com/fashion-shows/designer/dolce-gabbana
Daks,时装品牌,1894,Simeon Simpson,英国,https://www.daks.com/,https://cdn.shopify.com/s/files/1/2987/2966/files/Logo_400px_BLK_V2.png?height=628&pad_color=fff&v=1613717450&width=1200,,daks,https://www.vogue.com/fashion-shows/designer/daks
Davia Road,先锋,,,,,,,davia-road,https://www.vogue.com/fashion-shows/designer/davia-road
DAVIDSROAD,先锋,,,,,,,davidsroad,https://www.vogue.com/fashion-shows/designer/davidsroad
Deepti Barth,工匠品牌,,Deepti Barth,印度,,,,deepti-barth,https://www.vogue.com/fashion-shows/designer/deepti-barth
devoa,工匠品牌,2005,Daisuke Nishida,日本,,,,devoa,https://www.vogue.com/fashion-shows/designer/devoa
Diane von Furstenberg,时装品牌,1972,Diane von Furstenberg,美国,https://www.dvf.com/,https://assets.vogue.com/photos/6842aa12998e794390196d7a/16:9/pass/00001-diane-von-furstenberg-fall-2025-ready-to-wear-credit-brand.jpg,Fall 2025 Ready To Wear,diane-von-furstenberg,https://www.vogue.com/fashion-shows/designer/diane-von-furstenberg
Diesel,时装品牌,1978,Renzo Rosso,意大利,https://www.diesel.com/,https://assets.vogue.com/photos/67c032f64ea8000ddcf9dd17/16:9/pass/00001-diesel-fall-2025-ready-to-wear-credit-gorunway.jpg,Fall 2025 Ready To Wear,diesel,https://www.vogue.com/fashion-shows/designer/diesel
Dion Lee,先锋,2009,Dion Lee,澳大利亚,http://www.dionlee.com/,https://assets.vogue.com/photos/660a5d8658ebd6f9ed2d51c5/16:9/pass/00001-dion-lee-fall-2024-ready-to-wear-shanghai-credit-brand.jpg,Shanghai Fall 2024,dion-lee,https://www.vogue.com/fashion-shows/designer/dion-lee
Dior by Hedi Slimane,时装品牌,2000,Hedi Slimane,法国,https://www.dior.com/,,,dior-by-hedi-slimane,https://www.vogue.com/fashion-shows/designer/dior-by-hedi-slimane
Dirk Van Saene,先锋,1981,Dirk Van Saene,比利时,,,,dirk-van-saene,https://www.vogue.com/fashion-shows/designer/dirk-van-saene
Dolce & Gabbana,时装品牌,1985,Domenico Dolce、Stefano Gabbana,意大利,https://www.dolcegabbana.com/,https://assets.vogue.com/photos/678be88e71e9f75544e85204/16:9/pass/00001-dolce-and-gabbana-fall-2025-menswear-credit-gorunway.jpg,Fall 2025 Menswear,dolce-gabbana,https://www.vogue.com/fashion-shows/designer/dolce-gabbana
Donna Karan,时装品牌,1984,Donna Karan,美国,https://www.donnakaran.com/,https://assets.vogue.com/photos/67a260e3f3026adf436cf4bf/16:9/pass/00001-donna-karan-new-york-fall-2025-ready-to-wear-credit-brand.jpg,Fall 2025 Ready To Wear,donna-karan,https://www.vogue.com/fashion-shows/designer/donna-karan
Dries Van Noten,奢侈/先锋,1986,Dries Van Noten,比利时,https://www.driesvannoten.com/,https://assets.vogue.com/photos/65aa4819cb6d609e27070a33/16:9/pass/00001-dries-van-noten-fall-2024-menswear-credit-gorunway.jpg,Fall 2024 Menswear,dries-van-noten,https://www.vogue.com/fashion-shows/designer/dries-van-noten
Dsquared2,奢侈/先锋,1994,Dean Caten、Dan Caten,意大利,http://www.dsquared2.com/,,,dsquared2,https://www.vogue.com/fashion-shows/designer/dsquared2
Elena Dawson,工匠品牌,2013,Elena Dawson,英国,,,,elena-dawson,https://www.vogue.com/fashion-shows/designer/elena-dawson
Emilio Pucci,时装品牌,1947,Emilio Pucci,意大利,https://www.emiliopucci.com/,https://assets.vogue.com/photos/68c2e561f21a9b9efc572652/16:9/pass/00001-emilio-pucci-fall-2025-ready-to-wear-credit-brand.jpg,Fall 2025 Ready To Wear,emilio-pucci,https://www.vogue.com/fashion-shows/designer/emilio-pucci
Emporio Armani,时装品牌,1981,Giorgio Armani,意大利,https://www.emporioarmani.com/,https://assets.vogue.com/photos/65a3064ab04187758ab6a34d/16:9/pass/00001-emporio-armani-fall-2024-menswear-credit-gorunway.jpg,Fall 2024 Menswear,emporio-armani,https://www.vogue.com/fashion-shows/designer/emporio-armani
Enfants Riches Déprimés,时装品牌,2012,Henri Alexander Levy,美国,https://enfantsrichesdeprimes.com/,https://assets.vogue.com/photos/67ce00a12013625fe3f1ec0b/16:9/pass/00001-enfants-riches-deprimes-fall-2025-ready-to-wear-credit-gorunway.jpg,Fall 2025 Ready To Wear,enfants-riches-deprimes,https://www.vogue.com/fashion-shows/designer/enfants-riches-deprimes
Etro,时装品牌,1968,Gimmo Etro,意大利,https://www.etro.com/,https://assets.vogue.com/photos/67c0e4641f632d92124d7985/16:9/pass/00001-etro-fall-2025-ready-to-wear-credit-gorunway.jpg,Fall 2025 Ready To Wear,etro,https://www.vogue.com/fashion-shows/designer/etro
Fendi,时装品牌,1925,Adele Fendi,意大利,https://www.fendi.com/,https://assets.vogue.com/photos/65a2a980cbd7882a71255dd2/16:9/pass/00001-fendi-fall-2024-menswear-credit-gorunway.jpg,Fall 2024 Menswear,fendi,https://www.vogue.com/fashion-shows/designer/fendi
formeDexpression,先锋,,,,,,,formedexpression,https://www.vogue.com/fashion-shows/designer/formedexpression
Garment Reproduction for Workers,工匠品牌,2006,Takeshi Hiroshi Okamoto,日本,,,,garment-reproduction-for-workers,https://www.vogue.com/fashion-shows/designer/garment-reproduction-for-workers
Geoffrey B. Small,工匠品牌,1990,Geoffrey B. Small,美国,https://geoffreybsmall.com/,https://geoffreybsmall.com/social.png,,geoffrey-b-small,https://www.vogue.com/fashion-shows/designer/geoffrey-b-small
Givenchy,时装品牌,1952,Hubert de Givenchy,法国,https://www.givenchy.com/,https://assets.vogue.com/photos/65a80a69af2ff5690ef30d0b/16:9/pass/00001-givenchy-fall-2024-mens-credit-brand.jpg,Fall 2024 Menswear,givenchy,https://www.vogue.com/fashion-shows/designer/givenchy
Greg Lauren,时装品牌,2011,Greg Lauren,美国,https://www.greglauren.com/,,,greg-lauren,https://www.vogue.com/fashion-shows/designer/greg-lauren
Gucci,时装品牌,1921,Guccio Gucci,意大利,https://www.gucci.com/,https://assets.vogue.com/photos/67bf053a7cf01ffeb8149d2a/16:9/pass/00001-gucci-fall-2025-menswear-credit-brand.jpg,Fall 2025 Menswear,gucci,https://www.vogue.com/fashion-shows/designer/gucci
Guidi,工匠品牌,1896,Guido Guidi、Maurizio Guidi,意大利,https://www.guidi-official.com/,,,guidi,https://www.vogue.com/fashion-shows/designer/guidi
Haider Ackermann,时装品牌,2001,Haider Ackermann,哥伦比亚,https://www.haiderackermann.com/,,,haider-ackermann,https://www.vogue.com/fashion-shows/designer/haider-ackermann
Helmut Lang,时装品牌,1986,Helmut Lang,奥地利,https://www.helmutlang.com/,https://assets.vogue.com/photos/65c693b09ed6e2d387b34223/16:9/pass/00001-helmut-lang-fall-2024-ready-to-wear-credit-brand.jpg,Fall 2024 Ready To Wear,helmut-lang,https://www.vogue.com/fashion-shows/designer/helmut-lang
Hender Scheme,工匠品牌,2010,Ryo Kashiwazaki,日本,https://www.henderscheme.com/,https://henderscheme.com/fig/ogp.jpg,,hender-scheme,https://www.vogue.com/fashion-shows/designer/hender-scheme
Hermès,时装品牌,1837,Thierry Hermès,法国,https://www.hermes.com/,https://assets.vogue.com/photos/65abd70d3b1216a455cb84fa/16:9/pass/_DAN0025.jpg,Fall 2024 Menswear,hermes,https://www.vogue.com/fashion-shows/designer/hermes
if 6 was 9,时装品牌,1997,Nabuhiko Satoh,日本,,,,if-6-was-9,https://www.vogue.com/fashion-shows/designer/if-6-was-9
incarnation,工匠品牌,2003,Takeshi Hiroshi Okamoto,日本,,,,incarnation,https://www.vogue.com/fashion-shows/designer/incarnation
Isaac Sellam,工匠品牌,1998,Isaac Sellam,法国,,,,isaac-sellam,https://www.vogue.com/fashion-shows/designer/isaac-sellam
Issey Miyake,时装品牌,1970,Issey Miyake,日本,https://www.isseymiyake.com/,https://assets.vogue.com/photos/67cb02d3e4f8f83fb7a8bb7b/16:9/pass/00001-issey-miyake-fall-2025-ready-to-wear-credit-gorunway.jpg,Fall 2025 Ready To Wear,issey-miyake,https://www.vogue.com/fashion-shows/designer/issey-miyake
Jacquemus,奢侈/先锋,2009,Simon Porte Jacquemus,法国,https://www.jacquemus.com/,https://assets.vogue.com/photos/666707dfa8354f0b8456d212/16:9/pass/00001-jacquemus-fall-24-ready-to-wear-credit-gorunway.jpg,Fall 2024 Ready To Wear,jacquemus,https://www.vogue.com/fashion-shows/designer/jacquemus
Jil Sander,奢侈,1968,Jil Sander（Heidemarie Ji Line Sander）,德国,https://www.jilsander.com/,https://assets.vogue.com/photos/67bf313cdcbe5febff23b119/16:9/pass/00001-jil-sander-fall-2025-ready-to-wear-credit-brand.jpg,Fall 2025 Ready To Wear,jil-sander,https://www.vogue.com/fashion-shows/designer/jil-sander
Jimmy Choo,时装品牌,1996,Jimmy Choo、Tamara Mellon,英国,https://www.jimmychoo.com/,,,jimmy-choo,https://www.vogue.com/fashion-shows/designer/jimmy-choo
John Alexander Skelton,工匠品牌,2013,John Alexander Skelton,英国,https://www.johnalexanderskelton.com/,https://assets.vogue.com/photos/67851f0fa4bb20b2ea29d8cc/16:9/pass/00001-john-alexander-skelton-fall-2025-menswear-credit-lonny-spence.jpg,Fall 2025 Menswear,john-alexander-skelton,https://www.vogue.com/fashion-shows/designer/john-alexander-skelton
John Galliano,时装品牌,1984,John Galliano,英国,https://www.johngalliano.com/,,,john-galliano,https://www.vogue.com/fashion-shows/designer/john-galliano
Julius,工匠品牌,2001,Tatsuro Horikawa,日本,https://julius-tokyo.com/,,,julius,https://www.vogue.com/fashion-shows/designer/julius
Junya Watanabe,先锋时装,,Junya Watanabe,日本,,https://assets.vogue.com/photos/65aa57149e9699ec27a0d92d/16:9/pass/00001-junya-watanbe-fall-2024-menswear-credit-gorunway.jpg,Fall 2024 Menswear,junya-watanabe,https://www.vogue.com/fashion-shows/designer/junya-watanabe
JW Anderson,时装品牌,2008,Jonathan William Anderson,英国,https://www.jwanderson.com/,https://jwanderson.com/cdn/shop/files/HB0763LA0361172_Ecomm_M_D1_78cc0a42-0f3a-4b6f-98dc-fca373030706.jpg?v=1756391482&width=600,,jw-anderson,https://www.vogue.com/fashion-shows/designer/jw-anderson
Kapital,工匠/先锋,1984,Kiro Hirata,日本,https://www.kapital-web.co.jp/,,,kapital,https://www.vogue.com/fashion-shows/designer/kapital
Karu Research,工匠品牌,2021,Kartik Kumra,印度,,,,karu-research,https://www.vogue.com/fashion-shows/designer/karu-research
Kaval,工匠品牌,2017,Alexandra Sipa,罗马尼亚,,,,kaval,https://www.vogue.com/fashion-shows/designer/kaval
Kawai,工匠,,,日本,,,,kawai,https://www.vogue.com/fashion-shows/designer/kawai
Kee Kagami,先锋时装,1993,Kee Kagami,日本,,,,kee-kagami,https://www.vogue.com/fashion-shows/designer/kee-kagami
Kenzo,时装品牌,1970,Kenzo Takada,日本,https://www.kenzo.com/,https://assets.vogue.com/photos/6793f6354ee75fb348fc1831/16:9/pass/ISI00015.jpg,Fall 2025 Menswear,kenzo,https://www.vogue.com/fashion-shows/designer/kenzo
Khaite,奢侈,2016,Catherine Holstein,美国,https://khaite.com/,https://assets.vogue.com/photos/67a8ce989e0cd7c4b2e0c9b3/16:9/pass/00001-khaite-fall-2025-ready-to-wear-credit-brand.jpg,Fall 2025 Ready To Wear,khaite,https://www.vogue.com/fashion-shows/designer/khaite
Kith,时装品牌,2011,Ronnie Fieg,美国,https://www.kith.com/,https://assets.vogue.com/photos/67176b7d5a804be7a0e4a54b/16:9/pass/00001-kith-fall-2024-menswear-credit-brand.jpg,Fall 2024 Menswear,kith,https://www.vogue.com/fashion-shows/designer/kith
Kiton,奢侈男装,,,意大利,,,,kiton,https://www.vogue.com/fashion-shows/designer/kiton
Kmrii,工匠品牌,2000,Lui Onozaki,日本,,,,kmrii,https://www.vogue.com/fashion-shows/designer/kmrii
Kolor,时装品牌,2004,Junichi Abe,日本,https://www.kolor.jp/,https://assets.vogue.com/photos/67954ccbd38524d7387e8cb8/16:9/pass/00001-kolor-fall-2025-menswear-credit-gorunway.jpg,Fall 2025 Menswear,kolor,https://www.vogue.com/fashion-shows/designer/kolor
L.G.B. (Le Grand Bleu),工匠品牌,1999,Nobuhiko Satoh,日本,,,,lgb,https://www.vogue.com/fashion-shows/designer/lgb
Label Under Construction,工匠品牌,2003,Hiroyuki Horihata,日本,,,,label-under-construction,https://www.vogue.com/fashion-shows/designer/label-under-construction
Lanvin,时装品牌,1889,Jeanne Lanvin,法国,https://www.lanvin.com/,https://assets.vogue.com/photos/67973715b440f858e9273d4c/16:9/pass/00004-lanvin-fall-2025-ready-to-wear-credit-gorunway.jpg,Fall 2025 Menswear,lanvin,https://www.vogue.com/fashion-shows/designer/lanvin
LAYER‐０,先锋,2019,,日本,,,,layer‐0,https://www.vogue.com/fashion-shows/designer/layer‐0
Lemaire,工匠品牌,1991,Christophe Lemaire、Sarah-Linh Tran,法国,https://www.lemaire.fr/,https://www.lemaire.fr/cdn/shop/files/02_2ca41706-6765-489a-be94-87cd38d52062.jpg?v=1768081706&width=2000,,lemaire,https://www.vogue.com/fashion-shows/designer/lemaire
leon Emanuel blank,工匠品牌,2012,Leon Emanuel blank,德国,https://www.leonemanuelblank.com/,,,leon-emanuel-blank,https://www.vogue.com/fashion-shows/designer/leon-emanuel-blank
Loewe,时装品牌,1846,Enrique Loewe Roessberg,西班牙,https://www.loewe.com/,https://assets.vogue.com/photos/65abccce3464865692de734a/16:9/pass/00001-loewe-fall-2024-mens-credit-gorunway.jpg,Fall 2024 Menswear,loewe,https://www.vogue.com/fashion-shows/designer/loewe
Longchamp,时装品牌,1948,Jean Cassegrain,法国,https://www.longchamp.com/,https://assets.vogue.com/photos/65159a7fa565b842f63b51b9/16:9/pass/00001-longchamp-spring-2024-ready-to-wear-credit-brand.jpg,Spring 2024 Ready To Wear,longchamp,https://www.vogue.com/fashion-shows/designer/longchamp
Loro Piana,时装品牌,1924,Pietro Loro Piana,意大利,https://www.loropiana.com/,https://assets.vogue.com/photos/65d885048347c352d6082239/16:9/pass/00001-loro-piana-fall-2024-menswear-credit-brand.jpg,Fall 2024 Menswear,loro-piana,https://www.vogue.com/fashion-shows/designer/loro-piana
Louis Vuitton,时装品牌,1854,Louis Vuitton,法国,https://www.louisvuitton.com/,https://assets.vogue.com/photos/679025310a87d78feda36368/16:9/pass/00001-louis-vuitton-fall-2025-menswear-credit-gorunway.jpg,Fall 2025 Menswear,louis-vuitton,https://www.vogue.com/fashion-shows/designer/louis-vuitton
MA+,工匠品牌,2006,Maurizio Amadei,意大利,https://www.ma-plus.jp/,,,maurizio-amadei,https://www.vogue.com/fashion-shows/designer/maurizio-amadei
Maison Margiela,时装品牌,1988,Martin Margiela,比利时,https://www.maisonmargiela.com/,,,maison-margiela,https://www.vogue.com/fashion-shows/designer/maison-margiela
Maison Margiela Artisanal,工匠品牌,2006,Martin Margiela,比利时,https://www.maisonmargiela.com/,,,maison-margiela-artisanal,https://www.vogue.com/fashion-shows/designer/maison-margiela-artisanal
Maison Martin Margiela,先锋时装,1988,Martin Margiela,比利时,https://www.maisonmargiela.com/,https://assets.vogue.com/photos/686f818193cb76a8e2f741fd/16:9/pass/00001-maison-margiela-fall-2025-couture-credit-gorunway.jpg,Fall 2025 Couture,maison-martin-margiela,https://www.vogue.com/fashion-shows/designer/maison-martin-margiela
Maje,时装品牌,1998,Judith Milgrom,法国,https://www.maje.com/,https://assets.vogue.com/photos/65df00c8d58ee7597a28a1cd/16:9/pass/00001-maje-fall-2024-ready-to-wear-credit-brand-spon.jpg,Fall 2024 Ready To Wear,maje,https://www.vogue.com/fashion-shows/designer/maje
Manolo Blahnik,时装品牌,1970,Manolo Blahnik,英国,https://www.manoloblahnik.com/,https://www.manoloblahnik.com/media/homepage_slider_element/t/r/trulona_desktop_v2_copy.jpg,,manolo-blahnik,https://www.vogue.com/fashion-shows/designer/manolo-blahnik
Marc le bihan,工匠品牌,1994,Marc le bihan,法国,,,,marc-le-bihan,https://www.vogue.com/fashion-shows/designer/marc-le-bihan
Marina Yee,先锋,1986,Marina Yee,比利时,,,,marina-yee,https://www.vogue.com/fashion-shows/designer/marina-yee
Marni,时装品牌,1994,Consuelo Castiglioni,意大利,https://www.marni.com/,https://assets.vogue.com/photos/67bf8206a1d54d9a5ce27269/16:9/pass/00001-marni-fall-2025-ready-to-wear-credit-brand.jpg,Fall 2025 Ready To Wear,marni,https://www.vogue.com/fashion-shows/designer/marni
Martine Rose,先锋,2007,Martine Rose,英国,https://martine-rose.com/,https://assets.vogue.com/photos/67916fac354992a2500f9724/16:9/pass/00001-martine-rose-fall-2025-menswear-credit-brand.jpg,Fall 2025 Menswear,martine-rose,https://www.vogue.com/fashion-shows/designer/martine-rose
Max Mara,时装品牌,1951,Archille Maramotti,意大利,https://www.maxmara.com/,https://assets.vogue.com/photos/67c067cec280f347b5fc96bd/16:9/pass/00001-max-mara-fall-2025-ready-to-wear-credit-gorunway.jpg,Fall 2025 Ready To Wear,max-mara,https://www.vogue.com/fashion-shows/designer/max-mara
Michael Kors,时装品牌,1981,Michael Kors,美国,https://www.michaelkors.com/,,,michael-kors,https://www.vogue.com/fashion-shows/designer/michael-kors
Miharayasuhiro,工匠品牌,1997,Mihara Yasuhiro,日本,https://www.miharayasuhiro.com/,,,miharayasuhiro,https://www.vogue.com/fashion-shows/designer/miharayasuhiro
Missoni,时装品牌,1953,Ottavio Missoni、Rosita Missoni,意大利,https://www.missoni.com/,https://assets.vogue.com/photos/67c221c04a554d837ba32373/16:9/pass/00001-missoni-fall-2025-ready-to-wear-credit-gorunway.JPG,Fall 2025 Ready To Wear,missoni,https://www.vogue.com/fashion-shows/designer/missoni
Momotaro Jeans,工匠品牌,1994,Shinichi Chiba,日本,https://www.momotarojeans.co.jp/,,,momotaro-jeans,https://www.vogue.com/fashion-shows/designer/momotaro-jeans
Moncler,时装品牌,1952,Rene Ramillon、André Vincent,意大利,https://www.moncler.com/,,,moncler,https://www.vogue.com/fashion-shows/designer/moncler
Moschino,时装品牌,1983,Franco Moschino,意大利,https://www.moschino.com/,https://assets.vogue.com/photos/674dc94a18dd70d6409768e5/16:9/pass/00001-moschino-fall-2025-menswear-credit-brand.jpg,Fall 2025 Menswear,moschino,https://www.vogue.com/fashion-shows/designer/moschino
Mugler,先锋/奢侈,1974,Thierry Mugler,法国,https://www.mugler.com/,https://assets.vogue.com/photos/65e4dd0e124210923073c2e0/16:9/pass/_OBY0024.jpg,Fall 2024 Ready To Wear,mugler,https://www.vogue.com/fashion-shows/designer/mugler
Mui Mui,时装品牌,1993,Miuccia Prada,意大利,https://www.miumiu.com/,https://assets.vogue.com/photos/67d05dcb49d834834dfff200/16:9/pass/00001-miu-miu-fall-2025-ready-to-wear-credit-gorunway.jpg,Fall 2025 Ready To Wear,miu-miu,https://www.vogue.com/fashion-shows/designer/miu-miu
N.Hoolywood,工匠品牌,2002,Daisuke Obana,日本,https://www.nhoolywood.com/,,,nhoolywood,https://www.vogue.com/fashion-shows/designer/nhoolywood
Nigel Cabourn,工匠品牌,1976,Nigel Cabourn,英国,https://www.nigelcabourn.com/,,,nigel-cabourn,https://www.vogue.com/fashion-shows/designer/nigel-cabourn
Noir Kei Ninomiya,先锋时装,,Kei Ninomiya,日本,,https://assets.vogue.com/photos/67cc45987156dc7d26f72cc6/16:9/pass/00001-noir-kei-ninomiya-fall-2025-ready-to-wear-credit-gorunway.jpg,Fall 2025 Ready To Wear,noir-kei-ninomiya,https://www.vogue.com/fashion-shows/designer/noir-kei-ninomiya
Number Nine,先锋,1996,Takahiro Miyashita,日本,,,,number-nine,https://www.vogue.com/fashion-shows/designer/number-nine
Off-White,时装品牌,2012,Virgil Abloh,美国,https://www.off---white.com/,https://assets.vogue.com/photos/67c9b4fdb80a879884879dd8/16:9/pass/00001-off-white-fall-2025-ready-to-wear-credit-gorunway.jpg,Fall 2025 Ready To Wear,off-white,https://www.vogue.com/fashion-shows/designer/off-white
Oscar de la Renta,时装品牌,1965,Oscar de la Renta,美国,https://www.oscardelarenta.com/,http://www.oscardelarenta.com/cdn/shop/files/Logo.jpg?v=1733326303,,oscar-de-la-renta,https://www.vogue.com/fashion-shows/designer/oscar-de-la-renta
Our Legacy,时装品牌,2005,Jockum Hallin、Christopher Nying,瑞典,https://www.ourlegacy.com/,https://assets.vogue.com/photos/65a2a5f6e4db4242b89aedd5/16:9/pass/00001-our-legacy-fall-2024-menswear-credit-louis-flashman.jpg,Fall 2024 Menswear,our-legacy,https://www.vogue.com/fashion-shows/designer/our-legacy
Paco Rabanne,时装品牌,1966,Paco Rabanne,法国,https://www.pacorabanne.com/,https://assets.vogue.com/photos/67c9c2391c44f0e270b14063/16:9/pass/00001-rabanne-fall-2025-ready-to-wear-credit-gorunway.jpg,Fall 2025 Ready To Wear,paco-rabanne,https://www.vogue.com/fashion-shows/designer/paco-rabanne
Paul Harnden Shoemakers,工匠品牌,1987,Paul Harnden、Elena Dawson,英国,,,,paul-harnden-shoemakers,https://www.vogue.com/fashion-shows/designer/paul-harnden-shoemakers
Paul Smith,时装品牌,1970,Paul Smith,英国,https://www.paulsmith.com/,https://assets.vogue.com/photos/679110db806238aa95500667/16:9/pass/00001-paul-smith-fall-2025-menswear-credit-brand.jpg,Fall 2025 Menswear,paul-smith,https://www.vogue.com/fashion-shows/designer/paul-smith
Peter Do,工匠品牌,2018,Peter Do,美国,https://www.peterdo.com/,https://assets.vogue.com/photos/65de490d1291668dd5549c43/16:9/pass/00001-peter-do-fall-2024-ready-to-wear-credit-brand.jpg,Fall 2024 Ready To Wear,peter-do,https://www.vogue.com/fashion-shows/designer/peter-do
Phoebe Philo,时装品牌,2023,Phoebe Philo,英国,https://www.phoebephilo.com/,http://www.phoebephilo.com/cdn/shop/files/Phoebe_Philo_Logo.jpg?v=1758282165&width=600,,phoebe-philo,https://www.vogue.com/fashion-shows/designer/phoebe-philo
Piacenza,奢侈面料&成衣,,,意大利,,,,piacenza,https://www.vogue.com/fashion-shows/designer/piacenza
Prada,时装品牌,1913,Mario Prada、Miuccia Prada,意大利,https://www.prada.com/,https://assets.vogue.com/photos/65a405d3d37bc23dd117fcb1/16:9/pass/00001-prada-fall-2024-menswear-credit-gorunway.jpg,Fall 2024 Menswear,prada,https://www.vogue.com/fashion-shows/designer/prada
Qiuhao,工匠/先锋,2006,仇昊（Qiu Hao）,中国,https://qiuhao.com/,,,qiuhao,https://www.vogue.com/fashion-shows/designer/qiuhao
Raf Simons,时装品牌,1995,Raf Simons,比利时,https://www.rafsimons.com/,https://s3.eu-central-1.amazonaws.com/raf-simons-prod/external-assets/_1200x630_crop_center-center_82_none/og_image.jpg?mtime=1655816580,,raf-simons,https://www.vogue.com/fashion-shows/designer/raf-simons
Ralph Lauren,奢侈,1967,Ralph Lauren,美国,https://www.ralphlauren.com/,https://assets.vogue.com/photos/678b6e3e92db05575a5f98e2/16:9/pass/00001-ralph-lauren-fall-2025-menswear-credit-brand.jpg,Fall 2025 Menswear,ralph-lauren,https://www.vogue.com/fashion-shows/designer/ralph-lauren
Rick Owens,时装品牌,1994,Rick Owens,美国,https://www.rickowens.eu/,https://assets.vogue.com/photos/65a948ca42e8794d66a9b44a/16:9/pass/00001-rick-owens-fall-2024-menswear-credit-owenscorp.jpg,Fall 2024 Menswear,rick-owens,https://www.vogue.com/fashion-shows/designer/rick-owens
Rick Owens DRKSHDW,工匠品牌,2005,Rick Owens,美国,https://www.rickowens.eu/,https://assets.vogue.com/photos/65a948ca42e8794d66a9b44a/16:9/pass/00001-rick-owens-fall-2024-menswear-credit-owenscorp.jpg,Fall 2024 Menswear,rick-owens-drkshdw,https://www.vogue.com/fashion-shows/designer/rick-owens-drkshdw
Robert Wun,先锋,2014,黄梓维（Robert Wun）,中国香港,https://www.robertwun.com/,https://assets.vogue.com/photos/686e52d13089015f0d8a15e8/16:9/pass/00001-robert-wun-fall-2025-couture-credit-gorunway.jpg,Fall 2025 Couture,robert-wun,https://www.vogue.com/fashion-shows/designer/robert-wun
Roberto Cavalli,时装品牌,1970,Roberto Cavalli,意大利,https://www.robertocavalli.com/,https://assets.vogue.com/photos/67c0e0ddd58446c6df78f274/16:9/pass/00001-roberto-cavalli-fall-2025-ready-to-wear-credit-gorunway.jpg,Fall 2025 Ready To Wear,roberto-cavalli,https://www.vogue.com/fashion-shows/designer/roberto-cavalli
Romance Was Born,工匠品牌,2006,Luke Sales、Anna Plunkett,澳大利亚,https://romancewasborn.com/,https://assets.vogue.com/photos/664496c8b815a90cd4a5728d/16:9/pass/00001-romance-was-born-resort-2025-australia-credit-gorunway.jpg,Australia Resort 2025,romance-was-born,https://www.vogue.com/fashion-shows/designer/romance-was-born
Sacai,先锋,1999,Chitose Abe,日本,http://www.sacai.jp/,https://assets.vogue.com/photos/65ad4bd90496f30612216421/16:9/pass/00001-sacai-fall-2024-menswear-credit-gorunway.jpg,Fall 2024 Menswear,sacai,https://www.vogue.com/fashion-shows/designer/sacai
Sacai Luck,工匠品牌,2015,Chitose Abe,日本,http://www.sacai.jp/,https://assets.vogue.com/photos/65ad4bd90496f30612216421/16:9/pass/00001-sacai-fall-2024-menswear-credit-gorunway.jpg,Fall 2024 Menswear,sacai-luck,https://www.vogue.com/fashion-shows/designer/sacai-luck
Saint Laurent,时装品牌,1961,Yves Saint Laurent,法国,https://www.ysl.com/,https://assets.vogue.com/photos/679b8898a69d5a846c963b2d/16:9/pass/00001-saint-laurent-fall-2025-menswear-credit-gorunway.jpg,Fall 2025 Menswear,saint-laurent,https://www.vogue.com/fashion-shows/designer/saint-laurent
Salvatore Ferragamo,时装品牌,1927,Salvatore Ferragamo,意大利,https://www.ferragamo.com/,https://assets.vogue.com/photos/67c49a90aeeb2e9f4618f465/16:9/pass/00001-ferragamo-fall-2025-ready-to-wear-credit-gorunway.jpg,Fall 2025 Ready To Wear,salvatore-ferragamo,https://www.vogue.com/fashion-shows/designer/salvatore-ferragamo
Sandro,时装品牌,1984,Evelyne Chetrite,法国,https://www.sandro-paris.com/,https://assets.vogue.com/photos/6515ae10ddba42abcd33492b/16:9/pass/00001-sandro-spring-2024-menswear-credit-brand.jpg,Spring 2024 Menswear,sandro,https://www.vogue.com/fashion-shows/designer/sandro
Schiaparelli,奢侈,1927,Elsa Schiaparelli,法国,http://www.schiaparelli.com/,https://assets.vogue.com/photos/6679994953babd822edefa11/16:9/pass/00001-schiaparelli-fall-2024-couture-credit-brand.jpg,Fall 2024 Couture,schiaparelli,https://www.vogue.com/fashion-shows/designer/schiaparelli
Self-Portrait,时装品牌,2013,Hannah Weiland,马来西亚,https://www.self-portrait-studio.com/,https://assets.vogue.com/photos/67c1d8b70db2d093885df27d/16:9/pass/00001-self-portrait-fall-2025-ready-to-wear-credit-brand.jpg,Fall 2025 Ready To Wear,self-portrait,https://www.vogue.com/fashion-shows/designer/self-portrait
Sergio Rossi,时装品牌,1966,Sergio Rossi,意大利,https://www.sergiorossi.com/,https://cdn.shopify.com/s/files/1/0940/7450/3432/files/03_MULTICOLONNA1.webp?v=1761139379,,sergio-rossi,https://www.vogue.com/fashion-shows/designer/sergio-rossi
Sfego,工匠,,,,,,,sfego,https://www.vogue.com/fashion-shows/designer/sfego
Shushutong,先锋,2015,Liushu Lei、Yutong Jiang,中国,https://www.shushutongstudio.com/,https://assets.vogue.com/photos/67ec0aa34f75e0906ee0ef08/16:9/pass/00001-shushu-tong-fall-2025-ready-to-wear-shanghai-credit-brand.jpg,Shanghai Fall 2025,shushutong,https://www.vogue.com/fashion-shows/designer/shushutong
Song for the Mute,工匠品牌,2010,Melvin Tanaya、Lyna Ty,澳大利亚,https://songforthemute.com/,https://images.ctfassets.net/1ntf0z43n243/4K11QyCMAXqpVq3sFHfug0/d9cb9c76b8a49fa4fed26cbfe71140e2/250119_252_SUNFLOWER_MENS_LOOKBOOK.jpg,,song-for-the-mute,https://www.vogue.com/fashion-shows/designer/song-for-the-mute
SOPHNET.,工匠品牌,2002,Hirofumi Kiyonaga,日本,https://www.sophnet.com/,,,sophnet,https://www.vogue.com/fashion-shows/designer/sophnet
Stella McCartney,时装品牌,2001,Stella McCartney,英国,https://www.stellamccartney.com/,https://assets.vogue.com/photos/67c89a0c104d40389884c748/16:9/pass/00001-stella-mccartney-fall-2025-ready-to-wear-credit-gorunway.jpg,Fall 2025 Ready To Wear,stella-mccartney,https://www.vogue.com/fashion-shows/designer/stella-mccartney
Stone Island,时装品牌,1982,Massimo Osti,意大利,https://www.stoneisland.com/,,,stone-island,https://www.vogue.com/fashion-shows/designer/stone-island
Sunnei,时装品牌,2014,Loris Messina、Simone Rizzo,意大利,https://www.sunnei.it/,https://assets.vogue.com/photos/67c208c5ee056099a0b34428/16:9/pass/00001-sunnei-fall-2025-ready-to-wear-credit-gorunway.jpg,Fall 2025 Ready To Wear,sunnei,https://www.vogue.com/fashion-shows/designer/sunnei
Supreme,时装品牌,1994,James Jebbia,美国,https://www.supreme.com/,,,supreme,https://www.vogue.com/fashion-shows/designer/supreme
Taichi Murakami,工匠品牌,2015,Taichi Murakami,日本,,,,taichi-murakami,https://www.vogue.com/fashion-shows/designer/taichi-murakami
Takahiro Miyashita The Soloist,工匠品牌,2010,Takahiro Miyashita,日本,https://the-soloist.jp/,,,takahiro-miyashita-the-soloist,https://www.vogue.com/fashion-shows/designer/takahiro-miyashita-the-soloist
The Kooples,时装品牌,2009,Alexandre Elicha、Laurent Elicha、Raphaël Elicha,法国,https://www.thekooples.com/,,,the-kooples,https://www.vogue.com/fashion-shows/designer/the-kooples
The Row,奢侈,2006,Mary-Kate Olsen、Ashley Olsen,美国,https://www.therow.com/,https://cdn.shopify.com/s/files/1/0552/0313/5593/files/logo_therow_e6543ef8-863b-462b-a9f9-e076ceff0052.png?height=628&pad_color=ffffff&v=1677024616&width=1200,,the-row,https://www.vogue.com/fashion-shows/designer/the-row
The Viridi-Anne,工匠品牌,2000,Takeshi Hiroshi Okamoto,日本,https://www.the-viridi-anne.com/,,,the-viridi-anne,https://www.vogue.com/fashion-shows/designer/the-viridi-anne
Thom Browne,时装品牌,2001,Thom Browne,美国,https://www.thombrowne.com/,https://assets.vogue.com/photos/6679b465385e2a8e57ec6258/16:9/pass/00002-thom-browne-fall-2024-couture-credit-gorunway.jpg,Fall 2024 Couture,thom-browne,https://www.vogue.com/fashion-shows/designer/thom-browne
Tod's,时装品牌,1920,Dorino Della Valle,意大利,https://www.tods.com/,,,tods,https://www.vogue.com/fashion-shows/designer/tods
Tom Ford,奢侈,2005,Tom Ford,美国,https://www.tomford.com/,https://assets.vogue.com/photos/67c96ae498be470bd0496d5e/16:9/pass/00001-tom-ford-fall-2025-ready-to-wear-credit-gorunway.jpg,Fall 2025 Ready To Wear,tom-ford,https://www.vogue.com/fashion-shows/designer/tom-ford
Toogood,时装品牌,2014,Faye Toogood,英国,https://www.toogood.co.uk/,,,toogood,https://www.vogue.com/fashion-shows/designer/toogood
Toteme,奢侈,2014,Elin Kling、Karl Lindman,瑞典,https://www.toteme.com/,https://assets.vogue.com/photos/6797da593ba4d17f3ab0f611/16:9/pass/00001-toteme-fall-2025-ready-to-wear-credit-brand.jpg,Fall 2025 Ready To Wear,toteme,https://www.vogue.com/fashion-shows/designer/toteme
Uma Wang,时装品牌,2009,Uma Wang,中国,https://www.umawang.com/,https://assets.vogue.com/photos/67ca16026865e04972c1d38e/16:9/pass/00001-uma-wang-fall-2025-ready-to-wear-credit-gorunway.jpg,Fall 2025 Ready To Wear,uma-wang,https://www.vogue.com/fashion-shows/designer/uma-wang
Undercover,时装品牌,1990,Jun Takahashi,日本,https://www.undercoverism.com/,https://assets.vogue.com/photos/6793594474f33a26c039d2d0/16:9/pass/00001-undercover-fall-2025-menswear-credit-brand.jpg,Fall 2025 Menswear,undercover,https://www.vogue.com/fashion-shows/designer/undercover
Valentino,时装品牌,1960,Valentino Garavani,意大利,https://www.valentino.com/,https://assets.vogue.com/photos/67cde6afb743ec7268f32ed0/16:9/pass/00001-valentino-fall-2025-ready-to-wear-credit-gorunway.jpg,Fall 2025 Ready To Wear,valentino,https://www.vogue.com/fashion-shows/designer/valentino
Versace,时装品牌,1978,Gianni Versace,意大利,https://www.versace.com/,https://assets.vogue.com/photos/67c2c5ede6d757904d4ea566/16:9/pass/00001-versace-fall-2025-ready-to-wear-credit-gorunway.jpg,Fall 2025 Ready To Wear,versace,https://www.vogue.com/fashion-shows/designer/versace
Vetements,先锋,2014,Demna Gvasalia,法国,https://www.vetements.com/,https://assets.vogue.com/photos/65e2501ecadd9e4430ef028e/16:9/pass/00001-vetements-fall-2024-ready-to-wear-credit-gorunway.jpg,Fall 2024 Ready To Wear,vetements,https://www.vogue.com/fashion-shows/designer/vetements
Victoria Beckham,时装品牌,2008,Victoria Beckham,英国,https://www.victoriabeckham.com/,https://assets.vogue.com/photos/67cc044c5c8c8be7c4f3b118/16:9/pass/00001-victoria-beckham-fall-2025-ready-to-wear-credit-gorunway.jpg,Fall 2025 Ready To Wear,victoria-beckham,https://www.vogue.com/fashion-shows/designer/victoria-beckham
Visvim,工匠品牌,2000,Hiroki Nakamura,日本,https://www.visvim.tv/,https://www.visvim.tv/assets/imgs/common/ogp.jpg,,visvim,https://www.vogue.com/fashion-shows/designer/visvim
Vivienne Tam,奢侈/先锋,1994,谭燕玉（Vivienne Tam）,美国,https://www.viviennetam.com/,https://cdn.shopify.com/s/files/1/0397/8972/3693/files/Vivienne_Tam_logo_1_190x_2x_c1eb1829-313c-4e0f-8706-1e670bb8a84f.png?height=628&pad_color=ffffff&v=1614806517&width=1200,,vivienne-tam,https://www.vogue.com/fashion-shows/designer/vivienne-tam
Vivienne Westwood,时装品牌,1971,Vivienne Westwood,英国,https://www.viviennewestwood.com/,https://assets.vogue.com/photos/6800d46c129a793294cd99b4/16:9/pass/00001-vivienne-westwood-fall-2025-ready-to-wear-credit-brand.jpg,Fall 2025 Ready To Wear,vivienne-westwood,https://www.vogue.com/fashion-shows/designer/vivienne-westwood
Walter Van Beirendonck,先锋,1983,Walter Van Beirendonck,比利时,https://www.waltervanbeirendonck.com/,https://assets.vogue.com/photos/6791230ba03b19f9e40e2b1b/16:9/pass/00001-walter-von-beirendonck-fall-2025-menswear-credit-brand.jpg,Fall 2025 Menswear,walter-van-beirendonck,https://www.vogue.com/fashion-shows/designer/walter-van-beirendonck
Wjie,工匠,2022,吴洁（Jade Wu）,中国,,,,wjie,https://www.vogue.com/fashion-shows/designer/wjie
Woolrich,时装品牌,1830,John Rich,美国,https://www.woolrich.com/,https://assets.vogue.com/photos/678d2458762eaee994678f5a/16:9/pass/00001-woolrich-fall-2025-menswear-credit-brand.jpg,Fall 2025 Menswear,woolrich,https://www.vogue.com/fashion-shows/designer/woolrich
Y-3,时装品牌,2003,Yohji Yamamoto,日本,https://www.y-3.com/,https://assets.vogue.com/photos/67952f5ee19c682f48aed4f5/16:9/pass/00001-y-3-fall-2025-menswear-credit-gorunway.jpg,Fall 2025 Menswear,y-3,https://www.vogue.com/fashion-shows/designer/y-3
Yohji Yamamoto,时装品牌,1972,Yohji Yamamoto,日本,https://www.yohjiyamamoto.com/,https://assets.vogue.com/photos/65aa4b4647b341f8e68f1c4a/16:9/pass/00001-yohji-yamamoto-fall-2024-menswear-credit-gorunway.jpg,Fall 2024 Menswear,yohji-yamamoto,https://www.vogue.com/fashion-shows/designer/yohji-yamamoto
Yohji Yamamoto Pour Homme,工匠品牌,1972,Yohji Yamamoto,日本,https://www.yohjiyamamoto.com/,https://assets.vogue.com/photos/65aa4b4647b341f8e68f1c4a/16:9/pass/00001-yohji-yamamoto-fall-2024-menswear-credit-gorunway.jpg,Fall 2024 Menswear,yohji-yamamoto-pour-homme,https://www.vogue.com/fashion-shows/designer/yohji-yamamoto-pour-homme
Ys,先锋时装,1972,Yohji Yamamoto,日本,,,,ys,https://www.vogue.com/fashion-shows/designer/ys
Yuta Matsuoka,工匠品牌,2019,Yuta Matsuoka,日本,,,,yuta-matsuoka,https://www.vogue.com/fashion-shows/designer/yuta-matsuoka
Zegna,时装品牌,1910,Ermenegildo Zegna,意大利,https://www.zegna.com/,,,zegna,https://www.vogue.com/fashion-shows/designer/zegna
Ziggy Chen,时装品牌,2012,Ziggy Chen,中国,https://www.ziggychen.com/,https://cdn.shopify.com/s/files/1/0516/8647/3902/files/ZIGGY_CHEN-Logo_black.png?height=628&pad_color=ffffff&v=1613706143&width=1200,,ziggy-chen,https://www.vogue.com/fashion-shows/designer/ziggy-chen
Zimmermann,奢侈,1991,Nicky Zimmermann、Simone Zimmermann,澳大利亚,https://www.zimmermannwear.com/,https://assets.vogue.com/photos/67cf18c72fa01dd0258cc164/16:9/pass/00001-zimmermann-fall-2025-ready-to-wear-credit-gorunway.jpg,Fall 2025 Ready To Wear,zimmermann,https://www.vogue.com/fashion-shows/designer/zimmermann
