brand_name,season,title,cover_image,show_url,year,category
Acne Studios,Fall 2024 Menswear,Acne Studios,https://assets.vogue.com/photos/65a536e4b3abc4501fb12d90/16:9/pass/00001-acne-studios-fall-2024-menswear-credit-brand.jpg,https://www.vogue.com/fashion-shows/fall-2024-menswear/acne-studios,2024,Menswear
Acne Studios,Fall 2024 Ready To Wear,Acne Studios,https://assets.vogue.com/photos/65e0497b2bed6b971b9995e1/16:9/pass/00001-acne-studios-fall-2024-ready-to-wear-credit-gorunway.jpg,https://www.vogue.com/fashion-shows/fall-2024-ready-to-wear/acne-studios,2024,Ready-to-Wear
Alexander McQueen,Fall 2024 Ready To Wear,McQueen,https://assets.vogue.com/photos/65e3af348fce6647e6d3a3f7/16:9/pass/00001-alexander-mcqueen-fall-2024-ready-to-wear-credit-brand.jpg,https://www.vogue.com/fashion-shows/fall-2024-ready-to-wear/alexander-mcqueen,2024,Ready-to-Wear
Alexander McQueen,Fall 2025 Ready To Wear,McQueen,https://assets.vogue.com/photos/67ccb0a380e8bc60a5045103/16:9/pass/00001-alexander-mcqueen-fall-2025-ready-to-wear-credit-gorunway.jpg,https://www.vogue.com/fashion-shows/fall-2025-ready-to-wear/alexander-mcqueen,2025,Ready-to-Wear
Alexander Wang,Fall 2024 Ready To Wear,Alexander Wang,https://assets.vogue.com/photos/66b4904a5552fa386f05b66e/16:9/pass/00001-alexander-wang-fall-2024-ready-to-wear-credit-brand.jpg,https://www.vogue.com/fashion-shows/fall-2024-ready-to-wear/alexander-wang,2024,Ready-to-Wear
Alexander Wang,Fall 2025 Ready To Wear,Alexander Wang,https://assets.vogue.com/photos/68a344a77931d05bbdae06eb/16:9/pass/00001-alexander-wang-fall-2025-ready-to-wear-credit-brand.jpg,https://www.vogue.com/fashion-shows/fall-2025-ready-to-wear/alexander-wang,2025,Ready-to-Wear
Alberta Ferretti,Fall 2024 Ready To Wear,Alberta Ferretti,https://assets.vogue.com/photos/65d64650d01a79ff2a6f867c/16:9/pass/00001-alberta-ferretti-2024-ready-to-wear-credit-gorunway.jpg,https://www.vogue.com/fashion-shows/fall-2024-ready-to-wear/alberta-ferretti,2024,Ready-to-Wear
Alberta Ferretti,Fall 2025 Ready To Wear,Alberta Ferretti,https://assets.vogue.com/photos/67be2a8ac9fe254958d40114/16:9/pass/00001-alberta-ferretti-fall-2025-ready-to-wear-credit-brand.jpg,https://www.vogue.com/fashion-shows/fall-2025-ready-to-wear/alberta-ferretti,2025,Ready-to-Wear
Altuzarra,Fall 2024 Ready To Wear,Altuzarra,https://assets.vogue.com/photos/65c9750a02ab56c91ad59bf4/16:9/pass/00001-altuzarra-fall-2024-ready-to-wear-credit-brand.jpg,https://www.vogue.com/fashion-shows/fall-2024-ready-to-wear/altuzarra,2024,Ready-to-Wear
Altuzarra,Fall 2025 Ready To Wear,Altuzarra,https://assets.vogue.com/photos/67aa2f90ca46022409a22da1/16:9/pass/00001-altuzarra-fall-2025-ready-to-wear-credit-su-mustecaplioglu-brand.jpg,https://www.vogue.com/fashion-shows/fall-2025-ready-to-wear/altuzarra,2025,Ready-to-Wear
Amiri,Fall 2024 Menswear,Amiri,https://assets.vogue.com/photos/65a9679d9e29241eb401337a/16:9/pass/00001-amiri-fall-2024-mens-credit-gorunway.jpg,https://www.vogue.com/fashion-shows/fall-2024-menswear/amiri,2024,Menswear
Amiri,Fall 2025 Menswear,Amiri,https://assets.vogue.com/photos/6792bc111ed3f2ac9da18a00/16:9/pass/00001-amiri-fall-2025-menswear-credit-gorunway.jpg,https://www.vogue.com/fashion-shows/fall-2025-menswear/amiri,2025,Menswear
Ann Demeulemeester,Fall 2024 Ready To Wear,Ann Demeulemeester,https://assets.vogue.com/photos/65e390b55ebdfbc9590e03a5/16:9/pass/00001-ann-demeulemeester-fall-2024-ready-to-wear-credit-gorunway.jpg,https://www.vogue.com/fashion-shows/fall-2024-ready-to-wear/ann-demeulemeester,2024,Ready-to-Wear
Ann Demeulemeester,Fall 2025 Ready To Wear,Ann Demeulemeester,https://assets.vogue.com/photos/67cca825917ffb640fe90f2a/16:9/pass/00001-ann-demeulemeester-fall-2025-ready-to-wear-credit-gorunway.jpg,https://www.vogue.com/fashion-shows/fall-2025-ready-to-wear/ann-demeulemeester,2025,Ready-to-Wear
Antonio Marras,Fall 2024 Ready To Wear,Antonio Marras,https://assets.vogue.com/photos/65d60cb429be775867d60c66/16:9/pass/00001-antonio-marras-2024-ready-to-wear-credit-gorunway.JPG,https://www.vogue.com/fashion-shows/fall-2024-ready-to-wear/antonio-marras,2024,Ready-to-Wear
Antonio Marras,Fall 2025 Ready To Wear,Antonio Marras,https://assets.vogue.com/photos/67bf5ab5322032a58c51022c/16:9/pass/00001-antonio-marras-fall-2025-ready-to-wear-credit-gorunway.jpg,https://www.vogue.com/fashion-shows/fall-2025-ready-to-wear/antonio-marras,2025,Ready-to-Wear
Aspesi,Spring 2024 Menswear,Aspesi,https://assets.vogue.com/photos/648b75534b2ed368ebfd3c4a/16:9/pass/00001-aspesi-spring-2024-menswear-credit-brand.jpg,https://www.vogue.com/fashion-shows/spring-2024-menswear/aspesi,2024,Menswear
Balmain,Fall 2025 Ready To Wear,Balmain,https://assets.vogue.com/photos/67c8d788c564893612c9c15a/16:9/pass/00001-balmain-fall-2025-ready-to-wear-credit-gorunway.jpg,https://www.vogue.com/fashion-shows/fall-2025-ready-to-wear/balmain,2025,Ready-to-Wear
Balmain,Pre Fall 2025 Menswear,Balmain,https://assets.vogue.com/photos/6751c3c3aaded209625d52b1/16:9/pass/00001-balmain-prefall-2025-menswear-credit-brand.jpg,https://www.vogue.com/fashion-shows/pre-fall-2025-menswear/balmain,2025,Menswear
Balenciaga,Fall 2024 Couture,Balenciaga,https://assets.vogue.com/photos/668c011cd90113690da31f80/16:9/pass/00001-balenciaga-fall-2024-couture-credit-brand.jpg,https://www.vogue.com/fashion-shows/fall-2024-couture/balenciaga,2024,Couture
Balenciaga,Fall 2024 Ready To Wear,Balenciaga,https://assets.vogue.com/photos/65e488728606d2b23c777ec8/16:9/pass/00001-balenciaga-fall-2024-ready-to-wear-credit-gorunway.jpg,https://www.vogue.com/fashion-shows/fall-2024-ready-to-wear/balenciaga,2024,Ready-to-Wear
Bally,Fall 2024 Ready To Wear,Bally,https://assets.vogue.com/photos/65db6808bdf84a64e5a96991/16:9/pass/00001-bally-fall-2024-ready-to-wear-credit-gorunway.jpg,https://www.vogue.com/fashion-shows/fall-2024-ready-to-wear/bally,2024,Ready-to-Wear
Bally,Fall 2025 Ready To Wear,Bally,https://assets.vogue.com/photos/67c305c1839c41524d19d0d9/16:9/pass/_UMB0007(1).jpg,https://www.vogue.com/fashion-shows/fall-2025-ready-to-wear/bally,2025,Ready-to-Wear
Bottega Veneta,Fall 2024 Ready To Wear,Bottega Veneta,https://assets.vogue.com/photos/65e8411e8f85559999cd6315/16:9/pass/00001-bottega-veneta-fall-2024-ready-to-wear-credit-gorunway.jpg,https://www.vogue.com/fashion-shows/fall-2024-ready-to-wear/bottega-veneta,2024,Ready-to-Wear
Bottega Veneta,Pre Fall 2024,Bottega Veneta,https://assets.vogue.com/photos/660d7590ff88c12596450611/16:9/pass/00001-bottega-veneta-pre-fall-2024-credit-brand.jpg,https://www.vogue.com/fashion-shows/pre-fall-2024/bottega-veneta,2024,
Blumarine,Fall 2024 Ready To Wear,Blumarine,https://assets.vogue.com/photos/65d896ad5b31294b8d96f776/16:9/pass/00001-blumarine-fall-2024-ready-to-wear-credit-gorunway.jpg,https://www.vogue.com/fashion-shows/fall-2024-ready-to-wear/blumarine,2024,Ready-to-Wear
Blumarine,Fall 2025 Ready To Wear,Blumarine,https://assets.vogue.com/photos/67c06570b9a6569122b8a2d4/16:9/pass/00001-blumarine-fall-2025-ready-to-wear-credit-gorunway.jpg,https://www.vogue.com/fashion-shows/fall-2025-ready-to-wear/blumarine,2025,Ready-to-Wear
Brioni,Fall 2024 Menswear,Brioni,https://assets.vogue.com/photos/65a2997ee4db4242b89aedcf/16:9/pass/00001-brioni-fall-2024-menswear-credit-brand.jpg,https://www.vogue.com/fashion-shows/fall-2024-menswear/brioni,2024,Menswear
Brioni,Fall 2024 Ready To Wear,Brioni,https://assets.vogue.com/photos/65d76aa688b2e355433d2d9d/16:9/pass/00001-brioni-fall-2024-ready-to-wear-credit-brand.jpg,https://www.vogue.com/fashion-shows/fall-2024-ready-to-wear/brioni,2024,Ready-to-Wear
Brunello Cucinelli,Fall 2024 Menswear,Brunello Cucinelli,https://assets.vogue.com/photos/659ec1ce1947b0b2b0603683/16:9/pass/00001-brunello-cucinelli-fall-2024-menswear-credit-brand.jpg,https://www.vogue.com/fashion-shows/fall-2024-menswear/brunello-cucinelli,2024,Menswear
Brunello Cucinelli,Fall 2024 Ready To Wear,Brunello Cucinelli,https://assets.vogue.com/photos/65d5e91f2014a87a48c64618/16:9/pass/00001-brunello-cucinelli-2024-ready-to-wear-credit-brand.jpg,https://www.vogue.com/fashion-shows/fall-2024-ready-to-wear/brunello-cucinelli,2024,Ready-to-Wear
Chanel,Fall 2024 Couture,Chanel,https://assets.vogue.com/photos/667a9f197e5fac7042e57651/16:9/pass/00001-chanel-fall-2024-couture-credit-gorunway.jpg,https://www.vogue.com/fashion-shows/fall-2024-couture/chanel,2024,Couture
Chanel,Fall 2025 Couture,Chanel,https://assets.vogue.com/photos/686cedbf843612e37e9c3db2/16:9/pass/00001-chanel-fall-2025-couture-credit-gorunway.jpg,https://www.vogue.com/fashion-shows/fall-2025-couture/chanel,2025,Couture
Chloe,Fall 2024 Ready To Wear,Chloé,https://assets.vogue.com/photos/65e09cb37deb0fee34cbc8ba/16:9/pass/00001-chloe-fall-2024-ready-to-wear-credit-gorunway.JPG,https://www.vogue.com/fashion-shows/fall-2024-ready-to-wear/chloe,2024,Ready-to-Wear
Chloe,Fall 2025 Ready To Wear,Chloé,https://assets.vogue.com/photos/67cae104326365043c9c76a3/16:9/pass/00001-chloe-fall-2025-ready-to-wear-credit-brand.jpg,https://www.vogue.com/fashion-shows/fall-2025-ready-to-wear/chloe,2025,Ready-to-Wear
Christian Dior,Fall 2024 Couture,Christian Dior,https://assets.vogue.com/photos/667991f6108db1dbb64073f8/16:9/pass/00001-christian-dior-fall-2024-couture-credit-gorunway.jpg,https://www.vogue.com/fashion-shows/fall-2024-couture/christian-dior,2024,Couture
Christian Dior,Fall 2025 Couture,Christian Dior,https://assets.vogue.com/photos/68363d57f362cb02c0c0afe0/16:9/pass/00002-christian-dior-resort-2026-credit-gorunway.jpg,https://www.vogue.com/fashion-shows/fall-2025-couture/christian-dior,2025,Couture
Coach,Fall 2024 Ready To Wear,Coach,https://assets.vogue.com/photos/65ca95845d11ce40a33e9fcd/16:9/pass/00001-coach-fall-2024-ready-to-wear-credit-gorunway.jpg,https://www.vogue.com/fashion-shows/fall-2024-ready-to-wear/coach,2024,Ready-to-Wear
Coach,Fall 2025 Ready To Wear,Coach,https://assets.vogue.com/photos/67aa7d9e52e57d049e107844/16:9/pass/00001-coach-fall-2025-ready-to-wear-credit-gorunway.jpg,https://www.vogue.com/fashion-shows/fall-2025-ready-to-wear/coach,2025,Ready-to-Wear
Comme des Garçons,Fall 2024 Ready To Wear,Comme des Garçons,https://assets.vogue.com/photos/65e36ea37b454d0642afaa8a/16:9/pass/00001-comme-des-garcons-fall-2024-ready-to-wear-credit-gorunway.jpg,https://www.vogue.com/fashion-shows/fall-2024-ready-to-wear/comme-des-garcons,2024,Ready-to-Wear
Comme des Garçons,Fall 2025 Ready To Wear,Comme des Garçons,https://assets.vogue.com/photos/67cc8439b7892256b5d9e02c/16:9/pass/00001-comme-des-garcons-fall-2025-ready-to-wear-credit-gorunway.jpg,https://www.vogue.com/fashion-shows/fall-2025-ready-to-wear/comme-des-garcons,2025,Ready-to-Wear
Courrèges,Fall 2024 Ready To Wear,Courrèges,https://assets.vogue.com/photos/65df85c1144fe440b1500527/16:9/pass/00001-courreges-fall-2024-ready-to-wear-credit-brand.jpg,https://www.vogue.com/fashion-shows/fall-2024-ready-to-wear/courreges,2024,Ready-to-Wear
Courrèges,Fall 2025 Menswear,Courrèges,https://assets.vogue.com/photos/6784e6a4d9711d2b946be474/16:9/pass/00001-courreges-fall-2025-menswear-credit-brand.jpg,https://www.vogue.com/fashion-shows/fall-2025-menswear/courreges,2025,Menswear
D&G,Fall 2024 Ready To Wear,Dolce & Gabbana,https://assets.vogue.com/photos/65db4d55a6206052c3919ea0/16:9/pass/00001-dolce-&-gabbana-fall-2024-ready-to-wear-credit-gorunway.jpg,https://www.vogue.com/fashion-shows/fall-2024-ready-to-wear/dolce-gabbana,2024,Ready-to-Wear
D&G,Fall 2025 Menswear,Dolce & Gabbana,https://assets.vogue.com/photos/678be88e71e9f75544e85204/16:9/pass/00001-dolce-and-gabbana-fall-2025-menswear-credit-gorunway.jpg,https://www.vogue.com/fashion-shows/fall-2025-menswear/dolce-gabbana,2025,Menswear
Diane von Furstenberg,Fall 2025 Ready To Wear,Diane von Furstenberg,https://assets.vogue.com/photos/6842aa12998e794390196d7a/16:9/pass/00001-diane-von-furstenberg-fall-2025-ready-to-wear-credit-brand.jpg,https://www.vogue.com/fashion-shows/fall-2025-ready-to-wear/diane-von-furstenberg,2025,Ready-to-Wear
Diane von Furstenberg,Resort 2024,Diane von Furstenberg,https://assets.vogue.com/photos/6526d2ca8d024afe7d4c009f/16:9/pass/00001-diane-von-furstenberg-resort-2024-credit-brand.jpg,https://www.vogue.com/fashion-shows/resort-2024/diane-von-furstenberg,2024,Resort
Diesel,Fall 2024 Ready To Wear,Diesel,https://assets.vogue.com/photos/65d76ceff213a379d50429fb/16:9/pass/00001-diesel-fall-2024-ready-to-wear-credit-gorunway.jpg,https://www.vogue.com/fashion-shows/fall-2024-ready-to-wear/diesel,2024,Ready-to-Wear
Diesel,Fall 2025 Ready To Wear,Diesel,https://assets.vogue.com/photos/67c032f64ea8000ddcf9dd17/16:9/pass/00001-diesel-fall-2025-ready-to-wear-credit-gorunway.jpg,https://www.vogue.com/fashion-shows/fall-2025-ready-to-wear/diesel,2025,Ready-to-Wear
Dion Lee,Shanghai Fall 2024,Dion Lee,https://assets.vogue.com/photos/660a5d8658ebd6f9ed2d51c5/16:9/pass/00001-dion-lee-fall-2024-ready-to-wear-shanghai-credit-brand.jpg,https://www.vogue.com/fashion-shows/shanghai-fall-2024/dion-lee,2024,
Dion Lee,Spring 2024 Ready To Wear,Dion Lee,https://assets.vogue.com/photos/64fda51f7fd5b30e516b8c2e/16:9/pass/00001-dion-lee-spring-2024-ready-to-wear-credit-gorunway.jpg,https://www.vogue.com/fashion-shows/spring-2024-ready-to-wear/dion-lee,2024,Ready-to-Wear
Dries Van Noten,Fall 2024 Menswear,Dries Van Noten,https://assets.vogue.com/photos/65aa4819cb6d609e27070a33/16:9/pass/00001-dries-van-noten-fall-2024-menswear-credit-gorunway.jpg,https://www.vogue.com/fashion-shows/fall-2024-menswear/dries-van-noten,2024,Menswear
Dries Van Noten,Fall 2024 Ready To Wear,Dries Van Noten,https://assets.vogue.com/photos/65e0616b4c1d4bdd2d1fd600/16:9/pass/00001-dries-van-noten-fall-2024-ready-to-wear-credit-gorunway.jpg,https://www.vogue.com/fashion-shows/fall-2024-ready-to-wear/dries-van-noten,2024,Ready-to-Wear
Dolce & Gabbana,Fall 2024 Ready To Wear,Dolce & Gabbana,https://assets.vogue.com/photos/65db4d55a6206052c3919ea0/16:9/pass/00001-dolce-&-gabbana-fall-2024-ready-to-wear-credit-gorunway.jpg,https://www.vogue.com/fashion-shows/fall-2024-ready-to-wear/dolce-gabbana,2024,Ready-to-Wear
Dolce & Gabbana,Fall 2025 Menswear,Dolce & Gabbana,https://assets.vogue.com/photos/678be88e71e9f75544e85204/16:9/pass/00001-dolce-and-gabbana-fall-2025-menswear-credit-gorunway.jpg,https://www.vogue.com/fashion-shows/fall-2025-menswear/dolce-gabbana,2025,Menswear
Donna Karan,Fall 2025 Ready To Wear,Donna Karan,https://assets.vogue.com/photos/67a260e3f3026adf436cf4bf/16:9/pass/00001-donna-karan-new-york-fall-2025-ready-to-wear-credit-brand.jpg,https://www.vogue.com/fashion-shows/fall-2025-ready-to-wear/donna-karan,2025,Ready-to-Wear
Donna Karan,Spring 2025 Ready To Wear,Donna Karan,https://assets.vogue.com/photos/6717ca93f177a605e3fae16e/16:9/pass/00001-donna-karan-spring-2025-ready-to-wear-credit-brand.jpg,https://www.vogue.com/fashion-shows/spring-2025-ready-to-wear/donna-karan,2025,Ready-to-Wear
Emilio Pucci,Fall 2024 Ready To Wear,Emilio Pucci,https://assets.vogue.com/photos/66d88775819973efc9fa9bb0/16:9/pass/00001-pucci-fall-2024-ready-to-wear-credit-brand.jpg,https://www.vogue.com/fashion-shows/fall-2024-ready-to-wear/emilio-pucci,2024,Ready-to-Wear
Emilio Pucci,Fall 2025 Ready To Wear,Emilio Pucci,https://assets.vogue.com/photos/68c2e561f21a9b9efc572652/16:9/pass/00001-emilio-pucci-fall-2025-ready-to-wear-credit-brand.jpg,https://www.vogue.com/fashion-shows/fall-2025-ready-to-wear/emilio-pucci,2025,Ready-to-Wear
Emporio Armani,Fall 2024 Menswear,Emporio Armani,https://assets.vogue.com/photos/65a3064ab04187758ab6a34d/16:9/pass/00001-emporio-armani-fall-2024-menswear-credit-gorunway.jpg,https://www.vogue.com/fashion-shows/fall-2024-menswear/emporio-armani,2024,Menswear
Emporio Armani,Fall 2024 Ready To Wear,Emporio Armani,https://assets.vogue.com/photos/65d789e079fffa39d6fb9703/16:9/pass/00001-emporio-armani-2024-ready-to-wear-credit-gorunway.jpg,https://www.vogue.com/fashion-shows/fall-2024-ready-to-wear/emporio-armani,2024,Ready-to-Wear
Enfants Riches Déprimés,Fall 2025 Ready To Wear,Enfants Riches Déprimés,https://assets.vogue.com/photos/67ce00a12013625fe3f1ec0b/16:9/pass/00001-enfants-riches-deprimes-fall-2025-ready-to-wear-credit-gorunway.jpg,https://www.vogue.com/fashion-shows/fall-2025-ready-to-wear/enfants-riches-deprimes,2025,Ready-to-Wear
Etro,Fall 2024 Ready To Wear,Etro,https://assets.vogue.com/photos/65d6ee1329be775867d61067/16:9/pass/00001-etro-fall-2024-ready-to-wear-credit-gorunway.JPG,https://www.vogue.com/fashion-shows/fall-2024-ready-to-wear/etro,2024,Ready-to-Wear
Etro,Fall 2025 Ready To Wear,Etro,https://assets.vogue.com/photos/67c0e4641f632d92124d7985/16:9/pass/00001-etro-fall-2025-ready-to-wear-credit-gorunway.jpg,https://www.vogue.com/fashion-shows/fall-2025-ready-to-wear/etro,2025,Ready-to-Wear
Fendi,Fall 2024 Menswear,Fendi,https://assets.vogue.com/photos/65a2a980cbd7882a71255dd2/16:9/pass/00001-fendi-fall-2024-menswear-credit-gorunway.jpg,https://www.vogue.com/fashion-shows/fall-2024-menswear/fendi,2024,Menswear
Fendi,Fall 2024 Ready To Wear,Fendi,https://assets.vogue.com/photos/65d66ddc59a2180ce8a2da92/16:9/pass/00001-fendi-2024-ready-to-wear-credit-gorunway.jpg,https://www.vogue.com/fashion-shows/fall-2024-ready-to-wear/fendi,2024,Ready-to-Wear
Givenchy,Fall 2024 Menswear,Givenchy,https://assets.vogue.com/photos/65a80a69af2ff5690ef30d0b/16:9/pass/00001-givenchy-fall-2024-mens-credit-brand.jpg,https://www.vogue.com/fashion-shows/fall-2024-menswear/givenchy,2024,Menswear
Givenchy,Fall 2024 Ready To Wear,Givenchy,https://assets.vogue.com/photos/65e0b6b8fed1ba79f0f2218b/16:9/pass/00001-givenchy-fall-2024-ready-to-wear-credit-brand.jpg,https://www.vogue.com/fashion-shows/fall-2024-ready-to-wear/givenchy,2024,Ready-to-Wear
Gucci,Fall 2024 Ready To Wear,Gucci,https://assets.vogue.com/photos/65d8d79391324d52501e7dbb/16:9/pass/00001-gucci-fall-2024-ready-to-wear-credit-gorunway.jpg,https://www.vogue.com/fashion-shows/fall-2024-ready-to-wear/gucci,2024,Ready-to-Wear
Gucci,Fall 2025 Menswear,Gucci,https://assets.vogue.com/photos/67bf053a7cf01ffeb8149d2a/16:9/pass/00001-gucci-fall-2025-menswear-credit-brand.jpg,https://www.vogue.com/fashion-shows/fall-2025-menswear/gucci,2025,Menswear
Helmut Lang,Fall 2024 Ready To Wear,Helmut Lang,https://assets.vogue.com/photos/65c693b09ed6e2d387b34223/16:9/pass/00001-helmut-lang-fall-2024-ready-to-wear-credit-brand.jpg,https://www.vogue.com/fashion-shows/fall-2024-ready-to-wear/helmut-lang,2024,Ready-to-Wear
Helmut Lang,Pre Fall 2024,Helmut Lang,https://assets.vogue.com/photos/6572173c3dcd506d5364795e/16:9/pass/00001-helmut-lang-pre-fall-2024-credit-brand.jpg,https://www.vogue.com/fashion-shows/pre-fall-2024/helmut-lang,2024,
Hermès,Fall 2024 Menswear,Hermès,https://assets.vogue.com/photos/65abd70d3b1216a455cb84fa/16:9/pass/_DAN0025.jpg,https://www.vogue.com/fashion-shows/fall-2024-menswear/hermes,2024,Menswear
Hermès,Fall 2024 Ready To Wear,Hermès,https://assets.vogue.com/photos/65e34a4af88752637a65d8bc/16:9/pass/00001-hermes-fall-2024-ready-to-wear-credit-gorunway.jpg,https://www.vogue.com/fashion-shows/fall-2024-ready-to-wear/hermes,2024,Ready-to-Wear
Issey Miyake,Fall 2024 Ready To Wear,Issey Miyake,https://assets.vogue.com/photos/65e1dbcdbeb1ce7823542607/16:9/pass/00001-issey-miyake-fall-2024-ready-to-wear-credit-gorunway.jpg,https://www.vogue.com/fashion-shows/fall-2024-ready-to-wear/issey-miyake,2024,Ready-to-Wear
Issey Miyake,Fall 2025 Ready To Wear,Issey Miyake,https://assets.vogue.com/photos/67cb02d3e4f8f83fb7a8bb7b/16:9/pass/00001-issey-miyake-fall-2025-ready-to-wear-credit-gorunway.jpg,https://www.vogue.com/fashion-shows/fall-2025-ready-to-wear/issey-miyake,2025,Ready-to-Wear
Jacquemus,Fall 2024 Ready To Wear,Jacquemus,https://assets.vogue.com/photos/666707dfa8354f0b8456d212/16:9/pass/00001-jacquemus-fall-24-ready-to-wear-credit-gorunway.jpg,https://www.vogue.com/fashion-shows/fall-2024-ready-to-wear/jacquemus,2024,Ready-to-Wear
Jacquemus,Spring 2024 Ready To Wear,Jacquemus,https://assets.vogue.com/photos/65b7b42bd215206281c7c059/16:9/pass/00001-jacquemus-spring-2024-ready-to-wear-credit-gorunway.jpg,https://www.vogue.com/fashion-shows/spring-2024-ready-to-wear/jacquemus,2024,Ready-to-Wear
Jil Sander,Fall 2024 Ready To Wear,Jil Sander,https://assets.vogue.com/photos/65da3d15a20d790e2b54be63/16:9/pass/00001-jil-sander-fall-2024-ready-to-wear-credit-gorunway.jpg,https://www.vogue.com/fashion-shows/fall-2024-ready-to-wear/jil-sander,2024,Ready-to-Wear
Jil Sander,Fall 2025 Ready To Wear,Jil Sander,https://assets.vogue.com/photos/67bf313cdcbe5febff23b119/16:9/pass/00001-jil-sander-fall-2025-ready-to-wear-credit-brand.jpg,https://www.vogue.com/fashion-shows/fall-2025-ready-to-wear/jil-sander,2025,Ready-to-Wear
John Alexander Skelton,Fall 2024 Menswear,John Alexander Skelton,https://assets.vogue.com/photos/659fdf5fb256be09d64bf056/16:9/pass/00001-john-alexander-skelton-fall-2024-menswear-credit-lonny-spence.jpg,https://www.vogue.com/fashion-shows/fall-2024-menswear/john-alexander-skelton,2024,Menswear
John Alexander Skelton,Fall 2025 Menswear,John Alexander Skelton,https://assets.vogue.com/photos/67851f0fa4bb20b2ea29d8cc/16:9/pass/00001-john-alexander-skelton-fall-2025-menswear-credit-lonny-spence.jpg,https://www.vogue.com/fashion-shows/fall-2025-menswear/john-alexander-skelton,2025,Menswear
Junya Watanabe,Fall 2024 Menswear,Junya Watanabe,https://assets.vogue.com/photos/65aa57149e9699ec27a0d92d/16:9/pass/00001-junya-watanbe-fall-2024-menswear-credit-gorunway.jpg,https://www.vogue.com/fashion-shows/fall-2024-menswear/junya-watanabe,2024,Menswear
Junya Watanabe,Fall 2024 Ready To Wear,Junya Watanabe,https://assets.vogue.com/photos/65e308f8ab89229fece5e9b5/16:9/pass/00001-junya-watanabe-fall-2024-ready-to-wear-credit-gorunway.jpg,https://www.vogue.com/fashion-shows/fall-2024-ready-to-wear/junya-watanabe,2024,Ready-to-Wear
Khaite,Fall 2024 Ready To Wear,Khaite,https://assets.vogue.com/photos/65c8ec749950947720c331c4/16:9/pass/00001-khaite-fall-2024-ready-to-wear-credit-hanna-tveite-brand.jpg,https://www.vogue.com/fashion-shows/fall-2024-ready-to-wear/khaite,2024,Ready-to-Wear
Khaite,Fall 2025 Ready To Wear,Khaite,https://assets.vogue.com/photos/67a8ce989e0cd7c4b2e0c9b3/16:9/pass/00001-khaite-fall-2025-ready-to-wear-credit-brand.jpg,https://www.vogue.com/fashion-shows/fall-2025-ready-to-wear/khaite,2025,Ready-to-Wear
Kenzo,Fall 2024 Menswear,Kenzo,https://assets.vogue.com/photos/65aad9693527b79d648490f5/16:9/pass/FIO00011.jpg,https://www.vogue.com/fashion-shows/fall-2024-menswear/kenzo,2024,Menswear
Kenzo,Fall 2025 Menswear,Kenzo,https://assets.vogue.com/photos/6793f6354ee75fb348fc1831/16:9/pass/ISI00015.jpg,https://www.vogue.com/fashion-shows/fall-2025-menswear/kenzo,2025,Menswear
Kith,Fall 2024 Menswear,Kith,https://assets.vogue.com/photos/67176b7d5a804be7a0e4a54b/16:9/pass/00001-kith-fall-2024-menswear-credit-brand.jpg,https://www.vogue.com/fashion-shows/fall-2024-menswear/kith,2024,Menswear
Kith,Fall 2024 Ready To Wear,Kith,https://assets.vogue.com/photos/66c5a4e114c7c8a317039a3e/16:9/pass/00001-kith-fall-2024-ready-to-wear-credit-brand.jpg,https://www.vogue.com/fashion-shows/fall-2024-ready-to-wear/kith,2024,Ready-to-Wear
Kolor,Fall 2024 Menswear,Kolor,https://assets.vogue.com/photos/65abc4f90e6bc4ce78963dc3/16:9/pass/_UMB0014.jpg,https://www.vogue.com/fashion-shows/fall-2024-menswear/kolor,2024,Menswear
Kolor,Fall 2025 Menswear,Kolor,https://assets.vogue.com/photos/67954ccbd38524d7387e8cb8/16:9/pass/00001-kolor-fall-2025-menswear-credit-gorunway.jpg,https://www.vogue.com/fashion-shows/fall-2025-menswear/kolor,2025,Menswear
Lanvin,Fall 2025 Menswear,Lanvin,https://assets.vogue.com/photos/67973715b440f858e9273d4c/16:9/pass/00004-lanvin-fall-2025-ready-to-wear-credit-gorunway.jpg,https://www.vogue.com/fashion-shows/fall-2025-menswear/lanvin,2025,Menswear
Lanvin,Fall 2025 Ready To Wear,Lanvin,https://assets.vogue.com/photos/67973628df219d877ec1a357/16:9/pass/00001-lanvin-fall-2025-ready-to-wear-credit-gorunway.jpg,https://www.vogue.com/fashion-shows/fall-2025-ready-to-wear/lanvin,2025,Ready-to-Wear
Loewe,Fall 2024 Menswear,Loewe,https://assets.vogue.com/photos/65abccce3464865692de734a/16:9/pass/00001-loewe-fall-2024-mens-credit-gorunway.jpg,https://www.vogue.com/fashion-shows/fall-2024-menswear/loewe,2024,Menswear
Loewe,Fall 2024 Ready To Wear,Loewe,https://assets.vogue.com/photos/65e1e284e01e4fc0f69a8f2e/16:9/pass/00001-loewe-fall-2024-ready-to-wear-credit-gorunway.jpg,https://www.vogue.com/fashion-shows/fall-2024-ready-to-wear/loewe,2024,Ready-to-Wear
Longchamp,Spring 2024 Ready To Wear,Longchamp,https://assets.vogue.com/photos/65159a7fa565b842f63b51b9/16:9/pass/00001-longchamp-spring-2024-ready-to-wear-credit-brand.jpg,https://www.vogue.com/fashion-shows/spring-2024-ready-to-wear/longchamp,2024,Ready-to-Wear
Loro Piana,Fall 2024 Menswear,Loro Piana,https://assets.vogue.com/photos/65d885048347c352d6082239/16:9/pass/00001-loro-piana-fall-2024-menswear-credit-brand.jpg,https://www.vogue.com/fashion-shows/fall-2024-menswear/loro-piana,2024,Menswear
Loro Piana,Fall 2024 Ready To Wear,Loro Piana,https://assets.vogue.com/photos/65d883d6c73c745e7a1c5393/16:9/pass/00001-loro-piana-fall-2024-ready-to-wear-credit-brand.jpg,https://www.vogue.com/fashion-shows/fall-2024-ready-to-wear/loro-piana,2024,Ready-to-Wear
Louis Vuitton,Fall 2025 Menswear,Louis Vuitton,https://assets.vogue.com/photos/679025310a87d78feda36368/16:9/pass/00001-louis-vuitton-fall-2025-menswear-credit-gorunway.jpg,https://www.vogue.com/fashion-shows/fall-2025-menswear/louis-vuitton,2025,Menswear
Louis Vuitton,Fall 2025 Ready To Wear,Louis Vuitton,https://assets.vogue.com/photos/67cf6d80ce181a0630f37738/16:9/pass/00001-louis-vuitton-fall-2025-ready-to-wear-credit-gorunway.jpg,https://www.vogue.com/fashion-shows/fall-2025-ready-to-wear/louis-vuitton,2025,Ready-to-Wear
Maison Martin Margiela,Fall 2025 Couture,Maison Margiela,https://assets.vogue.com/photos/686f818193cb76a8e2f741fd/16:9/pass/00001-maison-margiela-fall-2025-couture-credit-gorunway.jpg,https://www.vogue.com/fashion-shows/fall-2025-couture/maison-martin-margiela,2025,Couture
Maison Martin Margiela,Spring 2024 Couture,Maison Margiela,https://assets.vogue.com/photos/65b2cf63fc43c431d9c840ec/16:9/pass/00001-maison-margiela-spring-2024-couture-credit-gorunway.jpg,https://www.vogue.com/fashion-shows/spring-2024-couture/maison-martin-margiela,2024,Couture
Maje,Fall 2024 Ready To Wear,Maje,https://assets.vogue.com/photos/65df00c8d58ee7597a28a1cd/16:9/pass/00001-maje-fall-2024-ready-to-wear-credit-brand-spon.jpg,https://www.vogue.com/fashion-shows/fall-2024-ready-to-wear/maje,2024,Ready-to-Wear
Maje,Spring 2024 Ready To Wear,Maje,https://assets.vogue.com/photos/6512964cf465167ab4369953/16:9/pass/00001-maje-spring-2024-ready-to-wear-detail-credit-brand.jpg,https://www.vogue.com/fashion-shows/spring-2024-ready-to-wear/maje,2024,Ready-to-Wear
Marni,Fall 2024 Ready To Wear,Marni,https://assets.vogue.com/photos/65e9e7ced2b81d1985a3a436/16:9/pass/00001-marni-fall-2024-ready-to-wear-credit-brand.jpg,https://www.vogue.com/fashion-shows/fall-2024-ready-to-wear/marni,2024,Ready-to-Wear
Marni,Fall 2025 Ready To Wear,Marni,https://assets.vogue.com/photos/67bf8206a1d54d9a5ce27269/16:9/pass/00001-marni-fall-2025-ready-to-wear-credit-brand.jpg,https://www.vogue.com/fashion-shows/fall-2025-ready-to-wear/marni,2025,Ready-to-Wear
Martine Rose,Fall 2024 Menswear,Martine Rose,https://assets.vogue.com/photos/65a90a26bea32d15892853e4/16:9/pass/00001-martine-rose-fall-2024-menswear-credit-jamie-morgan.jpg,https://www.vogue.com/fashion-shows/fall-2024-menswear/martine-rose,2024,Menswear
Martine Rose,Fall 2025 Menswear,Martine Rose,https://assets.vogue.com/photos/67916fac354992a2500f9724/16:9/pass/00001-martine-rose-fall-2025-menswear-credit-brand.jpg,https://www.vogue.com/fashion-shows/fall-2025-menswear/martine-rose,2025,Menswear
Max Mara,Fall 2024 Ready To Wear,Max Mara,https://assets.vogue.com/photos/65d733dcf213a379d504294d/16:9/pass/00001-max-mara-2024-ready-to-wear-credit-gorunway.jpg,https://www.vogue.com/fashion-shows/fall-2024-ready-to-wear/max-mara,2024,Ready-to-Wear
Max Mara,Fall 2025 Ready To Wear,Max Mara,https://assets.vogue.com/photos/67c067cec280f347b5fc96bd/16:9/pass/00001-max-mara-fall-2025-ready-to-wear-credit-gorunway.jpg,https://www.vogue.com/fashion-shows/fall-2025-ready-to-wear/max-mara,2025,Ready-to-Wear
Mugler,Fall 2024 Ready To Wear,Mugler,https://assets.vogue.com/photos/65e4dd0e124210923073c2e0/16:9/pass/_OBY0024.jpg,https://www.vogue.com/fashion-shows/fall-2024-ready-to-wear/mugler,2024,Ready-to-Wear
Mugler,Pre Fall 2024,Mugler,https://assets.vogue.com/photos/65bcbfaaf6db614c5776a16a/16:9/pass/00001-mugler-pre-fall-2024-credit-brand.jpg,https://www.vogue.com/fashion-shows/pre-fall-2024/mugler,2024,
Missoni,Fall 2024 Ready To Wear,Missoni,https://assets.vogue.com/photos/65da51d3bdf84a64e5a968f9/16:9/pass/00001-missoni-fall-2024-ready-to-wear-credit-gorunway.jpg,https://www.vogue.com/fashion-shows/fall-2024-ready-to-wear/missoni,2024,Ready-to-Wear
Missoni,Fall 2025 Ready To Wear,Missoni,https://assets.vogue.com/photos/67c221c04a554d837ba32373/16:9/pass/00001-missoni-fall-2025-ready-to-wear-credit-gorunway.JPG,https://www.vogue.com/fashion-shows/fall-2025-ready-to-wear/missoni,2025,Ready-to-Wear
Moschino,Fall 2024 Ready To Wear,Moschino,https://assets.vogue.com/photos/65d7b581932e39b4f8bacb56/16:9/pass/00001-moschino-fall-2024-ready-to-wear-credit-gorunway.jpg,https://www.vogue.com/fashion-shows/fall-2024-ready-to-wear/moschino,2024,Ready-to-Wear
Moschino,Fall 2025 Menswear,Moschino,https://assets.vogue.com/photos/674dc94a18dd70d6409768e5/16:9/pass/00001-moschino-fall-2025-menswear-credit-brand.jpg,https://www.vogue.com/fashion-shows/fall-2025-menswear/moschino,2025,Menswear
Mui Mui,Fall 2024 Ready To Wear,Miu Miu,https://assets.vogue.com/photos/65e741572a2af4c35f402a8f/16:9/pass/00001-miu-miu-fall-2024-ready-to-wear-credit-gorunway.jpg,https://www.vogue.com/fashion-shows/fall-2024-ready-to-wear/miu-miu,2024,Ready-to-Wear
Mui Mui,Fall 2025 Ready To Wear,Miu Miu,https://assets.vogue.com/photos/67d05dcb49d834834dfff200/16:9/pass/00001-miu-miu-fall-2025-ready-to-wear-credit-gorunway.jpg,https://www.vogue.com/fashion-shows/fall-2025-ready-to-wear/miu-miu,2025,Ready-to-Wear
Noir Kei Ninomiya,Fall 2024 Ready To Wear,Noir Kei Ninomiya,https://assets.vogue.com/photos/65e338b205dd96c04e46a863/16:9/pass/00001-noir-kei-ninomiya-fall-2024-ready-to-wear-credit-gorunway.jpg,https://www.vogue.com/fashion-shows/fall-2024-ready-to-wear/noir-kei-ninomiya,2024,Ready-to-Wear
Noir Kei Ninomiya,Fall 2025 Ready To Wear,Noir Kei Ninomiya,https://assets.vogue.com/photos/67cc45987156dc7d26f72cc6/16:9/pass/00001-noir-kei-ninomiya-fall-2025-ready-to-wear-credit-gorunway.jpg,https://www.vogue.com/fashion-shows/fall-2025-ready-to-wear/noir-kei-ninomiya,2025,Ready-to-Wear
Off-White,Fall 2024 Ready To Wear,Off-White,https://assets.vogue.com/photos/65e0a40991acd9398022b593/16:9/pass/00001-off-white-fall-2024-ready-to-wear-credit-gorunway.jpg,https://www.vogue.com/fashion-shows/fall-2024-ready-to-wear/off-white,2024,Ready-to-Wear
Off-White,Fall 2025 Ready To Wear,Off-White,https://assets.vogue.com/photos/67c9b4fdb80a879884879dd8/16:9/pass/00001-off-white-fall-2025-ready-to-wear-credit-gorunway.jpg,https://www.vogue.com/fashion-shows/fall-2025-ready-to-wear/off-white,2025,Ready-to-Wear
Our Legacy,Fall 2024 Menswear,Our Legacy,https://assets.vogue.com/photos/65a2a5f6e4db4242b89aedd5/16:9/pass/00001-our-legacy-fall-2024-menswear-credit-louis-flashman.jpg,https://www.vogue.com/fashion-shows/fall-2024-menswear/our-legacy,2024,Menswear
Our Legacy,Fall 2024 Ready To Wear,Our Legacy,https://assets.vogue.com/photos/65a2a8033efdc348772fd121/16:9/pass/00001-our-legacy-fall-2024-ready-to-wear-credit-louis-flashman.jpg,https://www.vogue.com/fashion-shows/fall-2024-ready-to-wear/our-legacy,2024,Ready-to-Wear
Paco Rabanne,Fall 2024 Ready To Wear,Rabanne,https://assets.vogue.com/photos/66152a05649976e6f507882e/16:9/pass/00001-rabanne-fall-2024-ready-to-wear-credit-gorunway.jpg,https://www.vogue.com/fashion-shows/fall-2024-ready-to-wear/paco-rabanne,2024,Ready-to-Wear
Paco Rabanne,Fall 2025 Ready To Wear,Rabanne,https://assets.vogue.com/photos/67c9c2391c44f0e270b14063/16:9/pass/00001-rabanne-fall-2025-ready-to-wear-credit-gorunway.jpg,https://www.vogue.com/fashion-shows/fall-2025-ready-to-wear/paco-rabanne,2025,Ready-to-Wear
Paul Smith,Fall 2024 Menswear,Paul Smith,https://assets.vogue.com/photos/65aa75ec9e9699ec27a0d9d7/16:9/pass/00001-paul-smith-fall-2024-menswear-credit-gorunway.jpg,https://www.vogue.com/fashion-shows/fall-2024-menswear/paul-smith,2024,Menswear
Paul Smith,Fall 2025 Menswear,Paul Smith,https://assets.vogue.com/photos/679110db806238aa95500667/16:9/pass/00001-paul-smith-fall-2025-menswear-credit-brand.jpg,https://www.vogue.com/fashion-shows/fall-2025-menswear/paul-smith,2025,Menswear
Peter Do,Fall 2024 Ready To Wear,Peter Do,https://assets.vogue.com/photos/65de490d1291668dd5549c43/16:9/pass/00001-peter-do-fall-2024-ready-to-wear-credit-brand.jpg,https://www.vogue.com/fashion-shows/fall-2024-ready-to-wear/peter-do,2024,Ready-to-Wear
Peter Do,Spring 2024 Ready To Wear,Peter Do,https://assets.vogue.com/photos/6512ea5821b59c9e247ef5f0/16:9/pass/00001-peter-do-spring-2024-ready-to-wear-credit-brand.jpg,https://www.vogue.com/fashion-shows/spring-2024-ready-to-wear/peter-do,2024,Ready-to-Wear
Prada,Fall 2024 Menswear,Prada,https://assets.vogue.com/photos/65a405d3d37bc23dd117fcb1/16:9/pass/00001-prada-fall-2024-menswear-credit-gorunway.jpg,https://www.vogue.com/fashion-shows/fall-2024-menswear/prada,2024,Menswear
Prada,Fall 2024 Ready To Wear,Prada,https://assets.vogue.com/photos/65d7703e728f66af8106d431/16:9/pass/00001-prada-fall-2024-ready-to-wear-credit-gorunway.JPG,https://www.vogue.com/fashion-shows/fall-2024-ready-to-wear/prada,2024,Ready-to-Wear
Ralph Lauren,Fall 2024 Ready To Wear,Ralph Lauren,https://assets.vogue.com/photos/6630680a66a333d9ae1d1bc9/16:9/pass/00001-ralph-lauren-fall-2024-ready-to-wear-credit-brand.jpg,https://www.vogue.com/fashion-shows/fall-2024-ready-to-wear/ralph-lauren,2024,Ready-to-Wear
Ralph Lauren,Fall 2025 Menswear,Ralph Lauren,https://assets.vogue.com/photos/678b6e3e92db05575a5f98e2/16:9/pass/00001-ralph-lauren-fall-2025-menswear-credit-brand.jpg,https://www.vogue.com/fashion-shows/fall-2025-menswear/ralph-lauren,2025,Menswear
Rick Owens,Fall 2024 Menswear,Rick Owens,https://assets.vogue.com/photos/65a948ca42e8794d66a9b44a/16:9/pass/00001-rick-owens-fall-2024-menswear-credit-owenscorp.jpg,https://www.vogue.com/fashion-shows/fall-2024-menswear/rick-owens,2024,Menswear
Rick Owens,Fall 2024 Ready To Wear,Rick Owens,https://assets.vogue.com/photos/65e0a0b690b19a5a056e54f9/16:9/pass/00001-rick-owens-fall-2024-ready-to-wear-credit-brand.CR3.jpg,https://www.vogue.com/fashion-shows/fall-2024-ready-to-wear/rick-owens,2024,Ready-to-Wear
Robert Wun,Fall 2024 Couture,Robert Wun,https://assets.vogue.com/photos/667d8a6a5177a44273fac293/16:9/pass/00001-robert-wun-fall-2024-couture-credit-gorunway.jpg,https://www.vogue.com/fashion-shows/fall-2024-couture/robert-wun,2024,Couture
Robert Wun,Fall 2025 Couture,Robert Wun,https://assets.vogue.com/photos/686e52d13089015f0d8a15e8/16:9/pass/00001-robert-wun-fall-2025-couture-credit-gorunway.jpg,https://www.vogue.com/fashion-shows/fall-2025-couture/robert-wun,2025,Couture
Roberto Cavalli,Fall 2024 Ready To Wear,Roberto Cavalli,https://assets.vogue.com/photos/65d67334df261ce14bf80e6b/16:9/pass/00001-roberto-cavalli-2024-ready-to-wear-credit-gorunway.jpg,https://www.vogue.com/fashion-shows/fall-2024-ready-to-wear/roberto-cavalli,2024,Ready-to-Wear
Roberto Cavalli,Fall 2025 Ready To Wear,Roberto Cavalli,https://assets.vogue.com/photos/67c0e0ddd58446c6df78f274/16:9/pass/00001-roberto-cavalli-fall-2025-ready-to-wear-credit-gorunway.jpg,https://www.vogue.com/fashion-shows/fall-2025-ready-to-wear/roberto-cavalli,2025,Ready-to-Wear
Romance Was Born,Australia Resort 2025,Romance Was Born,https://assets.vogue.com/photos/664496c8b815a90cd4a5728d/16:9/pass/00001-romance-was-born-resort-2025-australia-credit-gorunway.jpg,https://www.vogue.com/fashion-shows/australia-resort-2025/romance-was-born,2025,Resort
Romance Was Born,Pre Fall 2025,Romance Was Born,https://assets.vogue.com/photos/677f9bf63fe215353a493f1c/16:9/pass/00001-romance-was-born-pre-fall-2025-credit-brand.jpg,https://www.vogue.com/fashion-shows/pre-fall-2025/romance-was-born,2025,
Sacai,Fall 2024 Menswear,Sacai,https://assets.vogue.com/photos/65ad4bd90496f30612216421/16:9/pass/00001-sacai-fall-2024-menswear-credit-gorunway.jpg,https://www.vogue.com/fashion-shows/fall-2024-menswear/sacai,2024,Menswear
Sacai,Fall 2024 Ready To Wear,Sacai,https://assets.vogue.com/photos/65e60df8cc8e0f3fb09525be/16:9/pass/00001-sacai-fall-2024-ready-to-wear-credit-gorunway.jpg,https://www.vogue.com/fashion-shows/fall-2024-ready-to-wear/sacai,2024,Ready-to-Wear
Saint Laurent,Fall 2025 Menswear,Saint Laurent,https://assets.vogue.com/photos/679b8898a69d5a846c963b2d/16:9/pass/00001-saint-laurent-fall-2025-menswear-credit-gorunway.jpg,https://www.vogue.com/fashion-shows/fall-2025-menswear/saint-laurent,2025,Menswear
Saint Laurent,Fall 2025 Ready To Wear,Saint Laurent,https://assets.vogue.com/photos/67d1bbcf515ec09b78676c37/16:9/pass/00001-saint-laurent-fall-2025-ready-to-wear-credit-gorunway.jpg,https://www.vogue.com/fashion-shows/fall-2025-ready-to-wear/saint-laurent,2025,Ready-to-Wear
Salvatore Ferragamo,Fall 2024 Ready To Wear,Ferragamo,https://assets.vogue.com/photos/65d9cf252929e7de7573fff3/16:9/pass/_ALE5451.jpg,https://www.vogue.com/fashion-shows/fall-2024-ready-to-wear/salvatore-ferragamo,2024,Ready-to-Wear
Salvatore Ferragamo,Fall 2025 Ready To Wear,Ferragamo,https://assets.vogue.com/photos/67c49a90aeeb2e9f4618f465/16:9/pass/00001-ferragamo-fall-2025-ready-to-wear-credit-gorunway.jpg,https://www.vogue.com/fashion-shows/fall-2025-ready-to-wear/salvatore-ferragamo,2025,Ready-to-Wear
Sandro,Spring 2024 Menswear,Sandro,https://assets.vogue.com/photos/6515ae10ddba42abcd33492b/16:9/pass/00001-sandro-spring-2024-menswear-credit-brand.jpg,https://www.vogue.com/fashion-shows/spring-2024-menswear/sandro,2024,Menswear
Sandro,Spring 2024 Ready To Wear,Sandro,https://assets.vogue.com/photos/6515aad4f1936cc3017096a9/16:9/pass/00001%E2%80%94sandro-spring-2024-ready-to-wear-credit-brand.jpg,https://www.vogue.com/fashion-shows/spring-2024-ready-to-wear/sandro,2024,Ready-to-Wear
Schiaparelli,Fall 2024 Couture,Schiaparelli,https://assets.vogue.com/photos/6679994953babd822edefa11/16:9/pass/00001-schiaparelli-fall-2024-couture-credit-brand.jpg,https://www.vogue.com/fashion-shows/fall-2024-couture/schiaparelli,2024,Couture
Schiaparelli,Fall 2024 Ready To Wear,Schiaparelli,https://assets.vogue.com/photos/65e0f37b91acd9398022b73a/16:9/pass/00001-schiaparelli-fall-2024-ready-to-wear-credit-brand.jpg,https://www.vogue.com/fashion-shows/fall-2024-ready-to-wear/schiaparelli,2024,Ready-to-Wear
Self-Portrait,Fall 2024 Ready To Wear,Self-Portrait,https://assets.vogue.com/photos/65d391d2842ed295377e5e16/16:9/pass/00001-self-portrait-fall-2024-ready-to-wear-credit-brand.jpg,https://www.vogue.com/fashion-shows/fall-2024-ready-to-wear/self-portrait,2024,Ready-to-Wear
Self-Portrait,Fall 2025 Ready To Wear,Self-Portrait,https://assets.vogue.com/photos/67c1d8b70db2d093885df27d/16:9/pass/00001-self-portrait-fall-2025-ready-to-wear-credit-brand.jpg,https://www.vogue.com/fashion-shows/fall-2025-ready-to-wear/self-portrait,2025,Ready-to-Wear
Shushutong,Shanghai Fall 2024,Shushu/Tong,https://assets.vogue.com/photos/660a67d0b79c7c5ef5570a7d/16:9/pass/00001-shushu-tong-fall-2024-ready-to-wear-shanghai-credit-brand.jpg,https://www.vogue.com/fashion-shows/shanghai-fall-2024/shushutong,2024,
Shushutong,Shanghai Fall 2025,Shushu/Tong,https://assets.vogue.com/photos/67ec0aa34f75e0906ee0ef08/16:9/pass/00001-shushu-tong-fall-2025-ready-to-wear-shanghai-credit-brand.jpg,https://www.vogue.com/fashion-shows/shanghai-fall-2025/shushutong,2025,
Stella McCartney,Fall 2024 Ready To Wear,Stella McCartney,https://assets.vogue.com/photos/65e5cd7082dcc280e6e4a9ba/16:9/pass/00001-stella-mccartney-fall-2024-ready-to-wear-credit-gorunway.jpg,https://www.vogue.com/fashion-shows/fall-2024-ready-to-wear/stella-mccartney,2024,Ready-to-Wear
Stella McCartney,Fall 2025 Ready To Wear,Stella McCartney,https://assets.vogue.com/photos/67c89a0c104d40389884c748/16:9/pass/00001-stella-mccartney-fall-2025-ready-to-wear-credit-gorunway.jpg,https://www.vogue.com/fashion-shows/fall-2025-ready-to-wear/stella-mccartney,2025,Ready-to-Wear
Sunnei,Fall 2024 Ready To Wear,Sunnei,https://assets.vogue.com/photos/65d8ecb85d0af79bd453c890/16:9/pass/00001-sunnei-fall-2024-ready-to-wear-credit-gorunway.jpg,https://www.vogue.com/fashion-shows/fall-2024-ready-to-wear/sunnei,2024,Ready-to-Wear
Sunnei,Fall 2025 Ready To Wear,Sunnei,https://assets.vogue.com/photos/67c208c5ee056099a0b34428/16:9/pass/00001-sunnei-fall-2025-ready-to-wear-credit-gorunway.jpg,https://www.vogue.com/fashion-shows/fall-2025-ready-to-wear/sunnei,2025,Ready-to-Wear
Thom Browne,Fall 2024 Couture,Thom Browne,https://assets.vogue.com/photos/6679b465385e2a8e57ec6258/16:9/pass/00002-thom-browne-fall-2024-couture-credit-gorunway.jpg,https://www.vogue.com/fashion-shows/fall-2024-couture/thom-browne,2024,Couture
Thom Browne,Fall 2024 Ready To Wear,Thom Browne,https://assets.vogue.com/photos/65cdd466e762fe1180089e53/16:9/pass/00001-thom-browne-fall-2024-ready-to-wear-credit-gorunway.jpg,https://www.vogue.com/fashion-shows/fall-2024-ready-to-wear/thom-browne,2024,Ready-to-Wear
Tom Ford,Fall 2024 Ready To Wear,Tom Ford,https://assets.vogue.com/photos/65d8318bf407f8baf9dd7e32/16:9/pass/00001-tom-ford-fall-2024-ready-to-wear-credit-gorunway.jpg,https://www.vogue.com/fashion-shows/fall-2024-ready-to-wear/tom-ford,2024,Ready-to-Wear
Tom Ford,Fall 2025 Ready To Wear,Tom Ford,https://assets.vogue.com/photos/67c96ae498be470bd0496d5e/16:9/pass/00001-tom-ford-fall-2025-ready-to-wear-credit-gorunway.jpg,https://www.vogue.com/fashion-shows/fall-2025-ready-to-wear/tom-ford,2025,Ready-to-Wear
Toteme,Fall 2024 Ready To Wear,Toteme,https://assets.vogue.com/photos/65af7dca3a2e7db8a989b28e/16:9/pass/00001-toteme-fall-2024-ready-to-wear-credit-brand.jpg,https://www.vogue.com/fashion-shows/fall-2024-ready-to-wear/toteme,2024,Ready-to-Wear
Toteme,Fall 2025 Ready To Wear,Toteme,https://assets.vogue.com/photos/6797da593ba4d17f3ab0f611/16:9/pass/00001-toteme-fall-2025-ready-to-wear-credit-brand.jpg,https://www.vogue.com/fashion-shows/fall-2025-ready-to-wear/toteme,2025,Ready-to-Wear
Undercover,Fall 2025 Menswear,Undercover,https://assets.vogue.com/photos/6793594474f33a26c039d2d0/16:9/pass/00001-undercover-fall-2025-menswear-credit-brand.jpg,https://www.vogue.com/fashion-shows/fall-2025-menswear/undercover,2025,Menswear
Undercover,Fall 2025 Ready To Wear,Undercover,https://assets.vogue.com/photos/67c75035ddbf576eb6a51aca/16:9/pass/00001-undercover-fall-2025-ready-to-wear-credit-gorunway.jpg,https://www.vogue.com/fashion-shows/fall-2025-ready-to-wear/undercover,2025,Ready-to-Wear
Uma Wang,Fall 2024 Ready To Wear,Uma Wang,https://assets.vogue.com/photos/65e1ba866223a1b8e4aa4909/16:9/pass/00001-uma-wang-fall-2024-ready-to-wear-credit-gorunway.jpg,https://www.vogue.com/fashion-shows/fall-2024-ready-to-wear/uma-wang,2024,Ready-to-Wear
Uma Wang,Fall 2025 Ready To Wear,Uma Wang,https://assets.vogue.com/photos/67ca16026865e04972c1d38e/16:9/pass/00001-uma-wang-fall-2025-ready-to-wear-credit-gorunway.jpg,https://www.vogue.com/fashion-shows/fall-2025-ready-to-wear/uma-wang,2025,Ready-to-Wear
Valentino,Fall 2024 Ready To Wear,Valentino,https://assets.vogue.com/photos/65e4f54644af94e8e49d7603/16:9/pass/00001-valentino-fall-2024-ready-to-wear-credit-brand.jpg,https://www.vogue.com/fashion-shows/fall-2024-ready-to-wear/valentino,2024,Ready-to-Wear
Valentino,Fall 2025 Ready To Wear,Valentino,https://assets.vogue.com/photos/67cde6afb743ec7268f32ed0/16:9/pass/00001-valentino-fall-2025-ready-to-wear-credit-gorunway.jpg,https://www.vogue.com/fashion-shows/fall-2025-ready-to-wear/valentino,2025,Ready-to-Wear
Versace,Fall 2024 Ready To Wear,Versace,https://assets.vogue.com/photos/65d9a61a53a821ddad733a32/16:9/pass/00001-versace-fall-2024-ready-to-wear-credit-gorunway.jpg,https://www.vogue.com/fashion-shows/fall-2024-ready-to-wear/versace,2024,Ready-to-Wear
Versace,Fall 2025 Ready To Wear,Versace,https://assets.vogue.com/photos/67c2c5ede6d757904d4ea566/16:9/pass/00001-versace-fall-2025-ready-to-wear-credit-gorunway.jpg,https://www.vogue.com/fashion-shows/fall-2025-ready-to-wear/versace,2025,Ready-to-Wear
Vetements,Fall 2024 Ready To Wear,Vetements,https://assets.vogue.com/photos/65e2501ecadd9e4430ef028e/16:9/pass/00001-vetements-fall-2024-ready-to-wear-credit-gorunway.jpg,https://www.vogue.com/fashion-shows/fall-2024-ready-to-wear/vetements,2024,Ready-to-Wear
Vetements,Spring 2024 Menswear,Vetements,https://assets.vogue.com/photos/649ab941353472860bc0b7e5/16:9/pass/00002-vetements-spring-2024-menswear--credit-brand.jpg,https://www.vogue.com/fashion-shows/spring-2024-menswear/vetements,2024,Menswear
Victoria Beckham,Fall 2024 Ready To Wear,Victoria Beckham,https://assets.vogue.com/photos/65e2624e17385f7fc38d7bbd/16:9/pass/00001-victoria-beckham-fall-2024-ready-to-wear-credit-gorunway.jpg,https://www.vogue.com/fashion-shows/fall-2024-ready-to-wear/victoria-beckham,2024,Ready-to-Wear
Victoria Beckham,Fall 2025 Ready To Wear,Victoria Beckham,https://assets.vogue.com/photos/67cc044c5c8c8be7c4f3b118/16:9/pass/00001-victoria-beckham-fall-2025-ready-to-wear-credit-gorunway.jpg,https://www.vogue.com/fashion-shows/fall-2025-ready-to-wear/victoria-beckham,2025,Ready-to-Wear
Vivienne Westwood,Fall 2024 Ready To Wear,Vivienne Westwood,https://assets.vogue.com/photos/6603f5c634ca9c71e37a6d90/16:9/pass/00001-vivienne-westwood-fall-2024-ready-to-wear-credit-brand.jpg,https://www.vogue.com/fashion-shows/fall-2024-ready-to-wear/vivienne-westwood,2024,Ready-to-Wear
Vivienne Westwood,Fall 2025 Ready To Wear,Vivienne Westwood,https://assets.vogue.com/photos/6800d46c129a793294cd99b4/16:9/pass/00001-vivienne-westwood-fall-2025-ready-to-wear-credit-brand.jpg,https://www.vogue.com/fashion-shows/fall-2025-ready-to-wear/vivienne-westwood,2025,Ready-to-Wear
Walter Van Beirendonck,Fall 2024 Menswear,Walter Van Beirendonck,https://assets.vogue.com/photos/65a81399a1aabee5ed057b24/16:9/pass/00001-walter-van-beirendonck-fall-2024-mens-credit-gorunway.jpg,https://www.vogue.com/fashion-shows/fall-2024-menswear/walter-van-beirendonck,2024,Menswear
Walter Van Beirendonck,Fall 2025 Menswear,Walter Van Beirendonck,https://assets.vogue.com/photos/6791230ba03b19f9e40e2b1b/16:9/pass/00001-walter-von-beirendonck-fall-2025-menswear-credit-brand.jpg,https://www.vogue.com/fashion-shows/fall-2025-menswear/walter-van-beirendonck,2025,Menswear
Woolrich,Fall 2025 Menswear,Woolrich,https://assets.vogue.com/photos/678d2458762eaee994678f5a/16:9/pass/00001-woolrich-fall-2025-menswear-credit-brand.jpg,https://www.vogue.com/fashion-shows/fall-2025-menswear/woolrich,2025,Menswear
Woolrich,Spring 2025 Menswear,Woolrich,https://assets.vogue.com/photos/666df1640c205765b0eeeae8/16:9/pass/00001-woolrich-spring-2025-menswear-credit-brand.jpg,https://www.vogue.com/fashion-shows/spring-2025-menswear/woolrich,2025,Menswear
Y-3,Fall 2024 Menswear,Y-3,https://assets.vogue.com/photos/65a95284a4ead366fabb5d88/16:9/pass/00001-y3-fall-2024-menswear-credit-brand.jpg,https://www.vogue.com/fashion-shows/fall-2024-menswear/y-3,2024,Menswear
Y-3,Fall 2025 Menswear,Y-3,https://assets.vogue.com/photos/67952f5ee19c682f48aed4f5/16:9/pass/00001-y-3-fall-2025-menswear-credit-gorunway.jpg,https://www.vogue.com/fashion-shows/fall-2025-menswear/y-3,2025,Menswear
Yohji Yamamoto,Fall 2024 Menswear,Yohji Yamamoto,https://assets.vogue.com/photos/65aa4b4647b341f8e68f1c4a/16:9/pass/00001-yohji-yamamoto-fall-2024-menswear-credit-gorunway.jpg,https://www.vogue.com/fashion-shows/fall-2024-menswear/yohji-yamamoto,2024,Menswear
Yohji Yamamoto,Fall 2024 Ready To Wear,Yohji Yamamoto,https://assets.vogue.com/photos/65e2422b2fa65702730ed8b0/16:9/pass/00001-yohji-yamamoto-fall-2024-ready-to-wear-credit-gorunway.jpg,https://www.vogue.com/fashion-shows/fall-2024-ready-to-wear/yohji-yamamoto,2024,Ready-to-Wear
Zimmermann,Fall 2024 Ready To Wear,Zimmermann,https://assets.vogue.com/photos/65e5db993add59d8a34bd9cf/16:9/pass/00001-zimmermann-fall-2024-ready-to-wearl-credit-gorunway.jpg,https://www.vogue.com/fashion-shows/fall-2024-ready-to-wear/zimmermann,2024,Ready-to-Wear
Zimmermann,Fall 2025 Ready To Wear,Zimmermann,https://assets.vogue.com/photos/67cf18c72fa01dd0258cc164/16:9/pass/00001-zimmermann-fall-2025-ready-to-wear-credit-gorunway.jpg,https://www.vogue.com/fashion-shows/fall-2025-ready-to-wear/zimmermann,2025,Ready-to-Wear
Berluti,Fall 2024 Menswear,Berluti,https://assets.vogue.com/photos/65a6eea3e2516e2adb9833ad/16:9/pass/00001-berluti-fall-2024-menswear-credit-brand.jpg,https://www.vogue.com/fashion-shows/fall-2024-menswear/berluti,2024,Menswear
Berluti,Fall 2025 Menswear,Berluti,https://assets.vogue.com/photos/678fae8bd181509318980deb/16:9/pass/00001-berluti-fall-2025-menswear-credit-brand.jpg,https://www.vogue.com/fashion-shows/fall-2025-menswear/berluti,2025,Menswear
